,pageId,Social,Date,Meditation,Satisfaction,Pickups,Tech,Reading,Total,Mentality,Run,Finished,Drink,Multiple,Productivity,Tot To-do,Rise time,Key_words,Screen time,Work done %,Index
0,0,0.0,2020-09-17,,0.0,56,0.0,0.0,0.7516,0.0,1.24,8,0.0,7.0,0.0,9,,0,390,0.222,0
1,0,0.0,2020-09-18,0.0,0.0,125,0.0,0.0,0.683,0.0,,11,0.0,3.0,0.0,13,,0,211,0.212,0
2,0,0.0,2020-09-22,7.0,0.0,57,0.0,0.0,0.7855,0.0,1.53,13,0.0,5.0,0.0,15,25.0,0,271,0.238,0
3,0,0.0,2020-09-23,10.0,0.0,102,0.0,0.0,0.7634,0.0,,16,0.0,4.0,0.0,17,30.0,0,223,0.259,0
4,0,0.0,2020-09-24,6.0,0.0,80,0.0,0.0,0.6629,0.0,,11,0.0,4.0,0.0,15,90.0,0,309,0.201,0
5,0,0.0,2020-09-25,13.0,0.0,97,0.0,0.0,0.7474,0.0,,13,0.0,5.0,0.0,14,30.0,0,252,0.232,0
6,0,0.0,2020-09-26,8.0,0.0,51,0.0,0.0,0.764,0.0,,11,0.0,4.0,0.0,12,0.0,0,237,0.229,0
7,0,0.0,2020-09-27,0.0,0.0,60,0.0,0.0,0.658,0.0,,6,0.0,4.0,0.0,9,0.0,0,338,0.167,0
8,0,0.0,2020-09-28,10.0,0.0,82,0.0,0.0,0.7326,0.0,,9,0.0,5.0,0.0,11,-30.0,0,257,0.205,0
9,0,0.0,2020-09-29,10.0,0.0,123,0.0,0.0,0.557,0.0,,6,0.0,5.0,0.0,11,120.0,0,326,0.136,0
10,0,0.0,2020-10-01,0.0,0.0,50,0.0,,0.4347,0.0,,7,0.0,3.0,0.0,12,180.0,0,496,0.146,0
11,0,0.0,2020-10-02,10.0,0.0,74,0.0,,0.7549,0.0,,11,0.0,4.0,0.0,12,36.0,0,262,0.229,0
12,0,0.0,2020-10-03,7.0,0.0,86,0.0,,0.6157,0.0,,9,0.0,3.0,0.0,13,60.0,0,405,0.173,0
13,0,0.0,2020-10-04,0.0,0.0,59,0.0,,0.762,0.0,,16,0.0,5.0,0.0,16,0.0,0,304,0.275,0
14,0,0.0,2020-10-05,3.0,0.0,74,0.0,,0.662,0.0,,13,0.0,3.0,0.0,14,0.0,0,455,0.232,0
15,0,0.0,2020-10-06,8.0,0.0,83,0.0,,0.6915,0.0,0.64,12,0.0,4.0,0.0,16,0.0,0,397,0.206,0
16,0,0.0,2020-10-07,8.0,0.0,103,0.0,,0.698,0.0,1.11,9,0.0,5.0,0.0,14,-15.0,0,225,0.161,0
17,0,0.0,2020-10-08,0.0,0.0,101,0.0,,0.542,0.0,,7,0.0,4.0,0.0,11,120.0,0,330,0.159,0
18,0,0.0,2020-10-09,0.0,0.0,100,0.0,,0.36,0.0,,0,0.0,1.0,0.0,0,0.0,0,500,0.0,0
19,0,0.0,2020-10-10,0.0,0.0,59,0.0,,0.4257,0.0,,7,0.0,4.0,0.0,14,180.0,0,477,0.125,0
20,0,0.0,2020-10-11,6.0,0.0,53,0.0,,0.617,0.0,,8,0.0,3.0,0.0,16,0.0,0,374,0.137,0
21,0,0.0,2020-10-12,10.0,0.0,103,0.0,,0.7144,0.0,,11,0.0,4.0,0.0,13,30.0,0,285,0.212,0
22,0,0.0,2020-10-13,5.0,0.0,110,0.0,,0.7273,0.0,,14,0.0,4.0,0.0,14,-60.0,0,332,0.25,0
23,0,0.0,2020-10-14,5.0,0.0,131,0.0,,0.6259,0.0,,12,0.0,3.0,0.0,12,90.0,0,441,0.25,0
24,0,0.0,2020-10-15,3.0,0.0,114,0.0,,0.666,0.0,,15,0.0,3.0,0.0,16,0.0,0,441,0.258,0
25,0,0.0,2020-10-16,7.0,0.0,86,0.0,,0.4999,0.0,,10,0.0,4.0,0.0,12,240.0,0,213,0.208,0
26,0,0.0,2020-10-17,0.0,0.0,59,0.0,,0.587,0.0,,7,0.0,4.0,0.0,11,0.0,0,480,0.159,0
27,0,0.0,2020-10-18,0.0,0.0,84,0.0,,0.649,0.0,,9,0.0,4.0,0.0,12,0.0,0,294,0.188,0
28,0,0.0,2020-10-19,10.0,0.0,120,0.0,10.0,0.665,0.0,,8,0.0,3.0,0.0,9,45.0,0,428,0.222,0
29,0,0.0,2020-10-21,10.0,0.0,91,0.0,25.0,0.6849,0.0,,7,0.0,3.0,0.0,9,90.0,0,260,0.194,0
30,0,0.0,2020-10-22,10.0,0.0,76,0.0,32.0,0.7713,0.0,,7,0.0,4.0,0.0,9,-60.0,0,206,0.194,0
31,0,0.0,2020-10-23,10.0,0.0,76,0.0,20.0,0.8306,0.0,,13,0.0,5.0,0.0,13,10.0,0,156,0.25,0
32,0,0.0,2020-10-24,5.0,0.0,65,0.0,0.0,0.507,0.0,,5,0.0,2.0,0.0,11,,0,499,0.114,0
33,0,0.0,2020-10-25,5.0,0.0,64,0.0,30.0,0.707,0.0,,8,0.0,4.0,0.0,10,0.0,0,338,0.2,0
34,0,0.0,2020-10-26,10.0,0.0,89,0.0,32.0,0.6929,0.0,,10,0.0,4.0,0.0,12,90.0,0,346,0.208,0
35,0,0.0,2020-10-27,5.0,0.0,85,0.0,35.0,0.7637,0.0,,11,0.0,5.0,0.0,11,60.0,0,264,0.25,0
36,0,0.0,2020-10-28,10.0,0.0,102,0.0,100.0,0.7264,0.0,,9,0.0,4.0,0.0,12,30.0,0,363,0.188,0
37,0,0.0,2020-10-29,0.0,0.0,98,0.0,0.0,0.4977,0.0,,2,0.0,3.0,0.0,7,60.0,0,175,0.071,0
38,0,0.0,2020-10-30,0.0,0.0,72,0.0,0.0,-0.0264,0.0,,0,0.0,1.0,0.0,0,300.0,0,568,0.0,0
39,0,0.0,2020-10-31,0.0,0.0,53,0.0,,0.533,0.0,,3,0.0,3.0,0.0,7,120.0,0,240,0.107,0
40,0,0.0,2020-11-01,5.0,0.0,88,0.0,0.0,0.489,0.0,,7,,2.0,0.0,10,0.0,0,740,0.175,0
41,0,0.0,2020-11-02,10.0,0.0,76,0.0,0.0,0.6136,0.0,,11,,4.0,0.0,11,200.0,0,180,0.25,0
42,0,0.0,2020-11-03,0.0,0.0,121,0.0,60.0,0.2886,0.0,,10,,3.0,0.0,13,300.0,0,313,0.192,0
43,0,0.0,2020-11-04,10.0,0.0,93,0.0,30.0,0.6919,0.0,,17,,4.0,0.0,18,150.0,0,315,0.259,0
44,0,0.0,2020-11-05,10.0,0.0,118,0.0,37.0,0.7994,0.0,,16,,4.0,0.0,17,30.0,0,185,0.259,0
45,0,0.0,2020-11-06,10.0,0.0,116,0.0,10.0,0.6829,0.0,,16,1.0,4.0,0.0,16,150.0,0,198,0.275,0
46,0,0.0,2020-11-07,0.0,0.0,67,0.0,0.1,0.653,0.0,,9,,4.0,0.0,17,,0,159,0.145,0
47,0,0.0,2020-11-08,10.0,0.0,56,0.0,12.0,0.828,0.0,,14,,4.0,0.0,14,0.0,0,155,0.25,0
48,0,0.0,2020-11-09,15.0,0.0,67,0.0,30.0,0.912,0.0,,17,,5.0,0.0,17,0.0,0,94,0.275,0
49,0,0.0,2020-11-10,15.0,0.0,113,0.0,32.0,0.7929,0.0,,14,1.0,4.0,0.0,16,-15.0,0,152,0.24,0
50,0,0.0,2020-11-11,10.0,0.0,80,0.0,0.0,0.4867,0.0,,7,0.0,3.0,0.0,13,180.0,0,280,0.135,0
51,0,0.0,2020-11-12,15.0,0.0,98,0.0,0.0,0.7519,0.0,,11,0.0,4.0,0.0,12,90.0,0,105,0.229,0
52,0,0.0,2020-11-13,15.0,0.0,95,0.0,0.0,0.7989,0.0,,14,0.0,5.0,0.0,14,36.0,0,160,0.25,0
53,0,0.0,2020-11-14,15.0,0.0,82,0.0,0.0,0.625,0.0,,6,1.0,3.0,0.0,10,0.0,0,290,0.15,0
54,0,0.0,2020-11-15,15.0,0.0,58,0.0,0.0,0.736,0.0,,10,0.0,3.0,0.0,11,0.0,0,331,0.227,0
55,0,0.0,2020-11-16,10.0,0.0,100,0.0,0.0,0.7273,0.0,,13,0.0,4.0,0.0,14,26.0,0,209,0.232,0
56,0,0.0,2020-11-17,15.0,0.0,113,0.0,0.0,0.6617,0.0,,7,1.0,3.0,0.0,11,40.0,0,88,0.159,0
57,0,0.0,2020-11-18,10.0,0.0,99,0.0,0.0,0.655,0.0,,9,0.0,3.0,0.0,11,120.0,0,136,0.205,0
58,0,0.0,2020-11-19,10.0,0.0,101,0.0,0.0,0.788,0.0,,15,0.0,5.0,0.0,15,0.0,0,196,0.275,0
59,0,0.0,2020-11-20,10.0,0.0,139,0.0,0.0,0.6774,0.0,,14,0.0,4.0,0.0,14,157.0,0,14,0.25,0
60,0,0.0,2020-11-21,10.0,0.0,89,0.0,0.0,0.654,0.0,,11,0.0,3.0,0.0,13,0.0,0,404,0.212,0
61,0,0.0,2020-11-22,15.0,0.0,60,0.0,0.0,0.701,0.0,,9,0.0,2.0,0.0,11,0.0,0,331,0.205,0
62,0,0.0,2020-11-23,0.0,0.0,119,0.0,0.0,0.5357,0.0,,7,1.0,3.0,0.0,11,80.0,0,161,0.159,0
63,0,0.0,2020-11-24,15.0,0.0,97,0.0,0.0,0.685,0.0,,9,0.0,3.0,0.0,10,120.0,0,207,0.225,0
64,0,0.0,2020-11-25,0.0,0.0,107,0.0,0.0,0.5,0.0,,4,1.0,3.0,0.0,10,0.0,0,201,0.1,0
65,0,0.0,2020-11-26,0.0,0.0,96,0.0,0.0,0.525,0.0,,6,0.0,2.0,0.0,10,0.0,0,387,0.15,0
66,0,0.0,2020-11-27,0.0,0.0,161,0.0,,0.548,0.0,,9,0.0,3.0,0.0,13,0.0,0,389,0.173,0
67,0,0.0,2020-11-28,0.0,0.0,63,0.0,0.0,0.473,0.0,,7,0.0,2.0,0.0,13,0.0,0,604,0.135,0
68,0,0.0,2020-11-29,15.0,0.0,60,0.0,20.0,0.868,0.0,,16,0.0,4.0,0.0,17,0.0,0,152,0.259,0
69,0,0.0,2020-11-30,15.0,0.0,124,0.0,25.0,0.8447,0.0,,17,0.0,5.0,0.0,17,8.0,0,198,0.275,0
70,0,0.0,2020-12-01,15.0,0.0,108,0.0,0.0,0.706,0.0,,15,0.0,4.0,0.0,17,120.0,0,210,0.242,0
71,0,0.0,2020-12-02,15.0,0.0,94,0.0,23.0,0.843,0.0,,16,0.0,4.0,0.0,16,0.0,0,228,0.275,0
72,0,0.0,2020-12-03,15.0,0.0,90,0.0,25.0,0.7696,0.0,,16,0.0,4.0,0.0,16,70.0,0,443,0.275,0
73,0,0.0,2020-12-04,15.0,0.0,69,0.0,0.0,0.5697,0.0,,12,0.0,3.0,0.0,15,180.0,0,420,0.22,0
74,0,0.0,2020-12-05,0.0,0.0,56,0.0,0.0,0.64,0.0,,13,0.0,4.0,0.0,16,0.0,0,412,0.223,0
75,0,0.0,2020-12-06,0.0,0.0,46,0.0,30.0,0.709,0.0,,12,0.0,4.0,0.0,14,0.0,0,322,0.214,0
76,0,0.0,2020-12-07,0.0,0.0,68,0.0,0.0,0.4367,0.0,,7,0.0,2.0,0.0,14,180.0,0,209,0.125,0
77,0,0.0,2020-12-08,15.0,0.0,96,0.0,30.0,0.8723,0.0,,16,0.0,4.0,0.0,16,-8.0,0,133,0.275,0
78,0,0.0,2020-12-09,15.0,0.0,102,0.0,25.0,0.7824,0.0,,14,0.0,4.0,0.0,14,100.0,0,198,0.25,0
79,0,0.0,2020-12-10,15.0,0.0,130,0.0,15.0,0.6707,0.0,,14,0.0,5.0,0.0,14,180.0,0,240,0.25,0
80,0,0.0,2020-12-11,15.0,0.0,83,0.0,0.0,0.7743,0.0,,9,0.0,5.0,0.0,10,-80.0,0,304,0.225,0
81,0,0.0,2020-12-12,15.0,0.0,49,0.0,0.0,0.742,0.0,,10,0.0,5.0,0.0,10,120.0,0,295,0.25,0
82,0,0.0,2020-12-13,15.0,0.0,55,0.0,0.0,0.6121,0.0,,9,0.0,1.0,0.0,10,110.0,0,525,0.225,0
83,0,0.0,2020-12-14,0.0,0.0,75,0.0,0.0,0.4627,0.0,,5,0.0,1.0,0.0,10,180.0,0,50,0.125,0
84,0,0.0,2020-12-15,15.0,0.0,67,0.0,0.0,0.5776,0.0,,9,0.0,3.0,0.0,10,200.0,0,300,0.225,0
85,0,0.0,2020-12-16,15.0,0.0,101,0.0,0.0,0.7549,0.0,,11,0.0,4.0,0.0,11,90.0,0,165,0.25,0
86,0,0.0,2020-12-17,30.0,0.0,99,0.0,0.0,0.831,0.0,,11,1.0,5.0,0.0,11,0.0,0,252,0.25,0
87,0,0.0,2020-12-19,15.0,0.0,64,0.0,45.0,0.8217,0.0,,8,0.0,4.0,0.0,10,60.0,0,90,0.2,0
88,0,0.0,2020-12-20,0.0,0.0,56,0.0,0.0,0.5367,0.0,,3,0.0,3.0,0.0,9,60.0,0,178,0.083,0
89,0,0.0,2020-12-21,0.0,0.0,117,0.0,15.0,0.4557,0.0,,7,0.0,3.0,0.0,13,180.0,0,243,0.135,0
90,0,0.0,2020-12-22,15.0,0.0,113,0.0,50.0,0.7174,0.0,,9,0.0,3.0,0.0,11,140.0,0,114,0.205,0
91,0,0.0,2020-12-23,15.0,0.0,103,0.0,45.0,0.6639,0.0,,8,0.0,4.0,0.0,11,150.0,0,241,0.182,0
92,0,0.0,2020-12-27,15.0,0.0,61,0.0,32.0,0.6843,0.0,0.0,8,1.0,4.0,0.0,12,105.0,0,229,0.167,0
93,0,0.0,2020-12-28,15.0,0.0,95,0.0,35.0,0.6171,0.0,0.0,7,0.0,3.0,0.0,10,130.0,0,414,0.175,0
94,0,0.0,2020-12-29,0.0,0.0,33,0.0,0.0,0.2349,0.0,0.0,1,1.0,2.0,0.0,10,90.0,0,915,0.025,0
95,0,0.0,2020-12-30,0.0,0.0,27,0.0,0.0,0.0849,0.0,0.0,0,0.0,1.0,0.0,1,240.0,0,729,0.0,0
96,0,0.0,2020-12-31,0.0,0.0,68,0.0,0.0,0.3609,0.0,0.0,2,0.0,3.0,0.0,8,150.0,0,444,0.063,0
97,0,0.0,2021-01-01,0.0,0.0,58,0.0,0.0,0.3749,0.0,0.0,4,0.0,2.0,0.0,8,150.0,0,600,0.125,0
98,0,0.0,2021-01-02,10.0,0.0,46,0.0,43.0,0.5006,0.0,0.0,8,0.0,3.0,0.0,12,200.0,0,513,0.167,0
99,0,0.0,2021-01-03,15.0,0.0,69,0.0,0.0,0.6539,0.0,0.0,10,0.0,4.0,0.0,12,150.0,0,240,0.208,0
100,0,0.0,2021-01-04,0.0,0.0,53,0.0,0.0,0.429,0.0,0.0,3,0.0,2.0,0.0,11,0.0,0,529,0.068,0
101,0,0.0,2021-01-08,15.0,0.0,88,0.0,0.0,0.5807,0.0,0.0,6,0.0,3.0,0.0,8,180.0,0,203,0.188,0
102,0,0.0,2021-01-09,0.0,0.0,84,0.0,0.0,0.2807,0.0,0.0,3,1.0,2.0,0.0,7,180.0,0,564,0.107,0
103,0,0.0,2021-01-10,0.0,0.0,49,0.0,25.0,0.646,0.0,0.0,7,0.0,3.0,0.0,8,120.0,0,288,0.219,0
104,0,0.0,2021-01-11,0.0,0.0,75,0.0,0.0,0.4496,0.0,0.0,4,0.0,2.0,0.0,10,-30.0,0,535,0.1,0
105,0,0.0,2021-01-12,15.0,0.0,74,0.0,49.0,0.7324,0.0,0.0,9,0.0,3.0,0.0,9,140.0,0,304,0.25,0
106,0,0.0,2021-01-13,0.0,0.0,55,0.0,0.0,0.4771,0.0,0.0,3,0.0,3.0,0.0,9,130.0,0,194,0.083,0
107,0,0.0,2021-01-14,15.0,0.0,75,0.0,30.0,0.815,0.0,0.0,9,0.0,5.0,0.0,9,0.0,0,335,0.25,0
108,0,0.0,2021-01-15,15.0,0.0,105,0.0,0.0,0.6061,0.0,0.0,7,1.0,3.0,0.0,8,130.0,0,302,0.219,0
109,0,0.0,2021-01-18,0.0,0.0,43,0.0,0.0,0.2967,0.0,0.0,1,0.0,2.0,0.0,6,180.0,0,473,0.042,0
110,0,0.0,2021-01-19,0.0,0.0,75,0.0,25.0,0.4619,0.0,0.0,5,0.0,3.0,0.0,9,150.0,0,495,0.139,0
111,0,0.0,2021-01-20,0.0,0.0,38,0.0,0.0,-0.0865,0.0,0.0,1,0.0,1.0,0.0,8,320.0,0,797,0.031,0
112,0,0.0,2021-01-30,0.0,0.0,39,0.0,35.0,0.5346,0.0,0.0,6,0.0,4.0,0.0,8,200.0,0,296,0.188,0
113,0,0.0,2021-01-31,0.0,0.0,61,0.0,0.0,0.4198,0.0,0.0,4,0.0,3.0,0.0,10,135.0,0,440,0.1,0
114,0,0.0,2021-02-25,15.0,0.0,68,0.0,0.0,0.5792,0.0,0.0,9,0.0,4.0,0.0,13,168.0,0,310,0.173,0
115,0,0.0,2021-02-01,0.0,0.0,58,0.0,0.0,0.5749,0.0,0.0,8,1.0,4.0,0.0,12,90.0,0,199,0.167,0
116,0,0.0,2021-02-02,15.0,0.0,55,0.0,0.0,0.8027,0.0,0.0,13,0.0,4.0,0.0,14,75.0,0,142,0.255,0
117,0,0.0,2021-02-03,0.0,0.0,61,0.0,0.0,0.4703,0.0,0.0,8,0.0,3.0,0.0,13,210.0,0,67,0.154,0
118,0,0.0,2021-02-04,0.0,0.0,81,0.0,0.0,0.5385,0.0,0.0,12,0.0,4.0,0.0,14,170.0,0,340,0.235,0
119,0,0.0,2021-02-05,0.0,0.0,96,0.0,0.0,0.537,0.0,0.0,10,0.0,3.0,0.0,13,120.0,0,318,0.192,0
120,0,0.0,2021-02-06,0.0,0.0,96,0.0,0.0,0.4147,0.0,0.0,8,0.0,3.0,0.0,11,180.0,0,473,0.182,0
121,0,0.0,2021-02-08,15.0,0.0,99,0.0,20.0,0.759,0.0,0.0,11,0.0,4.0,0.0,12,120.0,0,126,0.229,0
122,0,0.0,2021-02-09,15.0,0.0,110,0.0,20.0,0.798,0.0,0.0,12,0.0,5.0,0.0,13,0.0,0,220,0.231,0
123,0,0.0,2021-02-10,15.0,0.0,88,0.0,0.0,0.8067,0.0,0.0,14,0.0,5.0,0.0,15,60.0,0,127,0.256,0
124,0,0.0,2021-02-11,15.0,0.0,99,0.0,0.0,0.7057,0.0,0.0,11,1.0,4.0,0.0,13,60.0,0,159,0.212,0
125,0,0.0,2021-02-12,0.0,0.0,90,0.0,0.0,0.43,0.0,0.0,2,0.0,3.0,0.0,14,120.0,0,158,0.039,0
126,0,0.0,2021-02-13,15.0,0.0,117,0.0,0.0,0.729,0.0,0.0,11,0.0,4.0,0.0,13,,0,193,0.212,0
127,0,0.0,2021-02-14,0.0,0.0,72,0.0,0.0,0.66,0.0,0.0,11,0.0,3.0,0.0,15,,0,161,0.201,0
128,0,0.0,2021-02-15,10.0,0.0,116,0.0,13.0,0.4979,0.0,0.0,9,0.0,5.0,0.0,11,240.0,0,260,0.205,0
129,0,0.0,2021-02-16,13.0,0.0,103,0.0,28.0,0.8499,0.0,0.0,15,0.0,5.0,0.0,15,53.0,0,144,0.275,0
130,0,0.0,2021-02-17,15.0,0.0,134,0.0,42.0,0.7777,0.0,0.0,15,,4.0,0.0,18,60.0,0,175,0.229,0
131,0,0.0,2021-02-18,0.0,0.0,95,0.0,0.0,0.6005,0.0,0.0,17,0.0,4.0,0.0,21,152.0,0,109,0.222,0
132,0,0.0,2021-02-19,0.0,0.0,91,0.0,0.0,0.5537,0.0,0.0,10,0.0,5.0,0.0,14,180.0,0,105,0.196,0
133,0,0.0,2021-02-20,15.0,0.0,97,0.0,0.0,0.788,0.0,0.0,15,0.0,4.0,0.0,17,0.0,0,132,0.242,0
134,0,0.0,2021-02-21,0.0,0.0,80,0.0,0.0,0.629,0.0,0.0,10,1.0,5.0,0.0,15,0.0,0,169,0.183,0
135,0,0.0,2021-02-22,0.0,0.0,91,0.0,0.0,0.3732,0.0,0.0,6,0.0,2.0,0.0,12,168.0,0,442,0.125,0
136,0,0.0,2021-02-23,10.0,0.0,70,0.0,0.0,0.4507,0.0,0.0,7,0.0,2.0,0.0,13,180.0,0,383,0.135,0
137,0,0.0,2021-02-24,0.0,0.0,109,0.0,0.0,0.5339,0.0,0.0,12,0.0,3.0,0.0,16,90.0,0,445,0.206,0
138,0,0.0,2021-03-31,0.0,0.0,52,0.0,63.0,0.5386,0.0,0.0,9,0.0,3.0,0.0,12,200.0,0,265,0.188,0
139,0,0.0,2021-03-01,0.0,0.0,59,0.0,0.0,0.5661,0.0,0.0,10,0.0,4.0,0.0,13,130.0,0,310,0.192,0
140,0,0.0,2021-03-02,0.0,0.0,77,0.0,0.0,0.3845,0.0,0.0,8,0.0,4.0,0.0,12,225.0,0,351,0.167,0
141,0,0.0,2021-03-03,0.0,0.0,83,0.0,0.0,0.4372,0.0,0.0,7,0.0,3.0,0.0,13,165.0,0,319,0.135,0
142,0,0.0,2021-03-04,0.0,0.0,91,0.0,0.0,0.4983,0.0,0.0,9,0.0,4.0,0.0,12,210.0,0,64,0.188,0
143,0,0.0,2021-03-05,0.0,0.0,85,0.0,0.0,0.3307,0.0,0.0,4,1.0,2.0,0.0,13,180.0,0,263,0.077,0
144,0,0.0,2021-03-07,10.0,0.0,63,0.0,0.0,0.5519,0.0,0.0,8,1.0,3.0,0.0,12,150.0,0,221,0.167,0
145,0,0.0,2021-03-08,0.0,0.0,67,0.0,0.0,0.6163,0.0,0.0,8,0.0,3.0,0.0,12,65.0,0,146,0.167,0
146,0,0.0,2021-03-09,0.0,0.0,48,0.0,0.0,0.5391,0.0,0.0,6,0.0,3.0,0.0,13,130.0,0,102,0.115,0
147,0,0.0,2021-03-10,0.0,0.0,48,0.0,0.0,0.6446,0.0,0.0,7,0.0,5.0,0.0,12,70.0,0,89,0.146,0
148,0,0.0,2021-03-11,15.0,0.0,52,0.0,0.0,0.7992,0.0,0.73,9,0.0,5.0,0.0,11,70.0,0,74,0.205,0
149,0,0.0,2021-03-12,15.0,0.0,71,0.0,46.0,0.8254,0.0,0.74,12,1.0,5.0,0.0,13,60.0,0,146,0.231,0
150,0,0.0,2021-03-13,15.0,0.0,63,0.0,40.0,0.777,0.0,0.0,12,0.0,4.0,0.0,16,120.0,0,103,0.206,0
151,0,0.0,2021-03-14,15.0,0.0,88,0.0,0.0,0.6956,0.0,0.0,13,0.0,4.0,0.0,15,160.0,0,106,0.238,0
152,0,0.0,2021-03-15,15.0,0.0,69,0.0,31.0,0.8435,0.0,0.0,12,0.0,5.0,0.0,12,96.0,0,107,0.25,0
153,0,0.0,2021-03-16,15.0,0.0,78,0.0,64.0,0.8771,0.0,0.0,13,0.0,4.0,0.0,13,-4.0,0,120,0.25,0
154,0,0.0,2021-03-17,15.0,0.0,58,0.0,30.0,0.831,0.0,0.0,12,0.0,3.0,0.0,14,0.0,0,168,0.235,0
155,0,0.0,2021-03-18,0.0,0.0,83,0.0,63.0,0.6585,0.0,0.0,8,0.0,3.0,0.0,11,114.0,0,120,0.182,0
156,0,0.0,2021-03-19,15.0,0.0,99,0.0,25.0,0.8323,0.0,0.0,14,0.0,5.0,0.0,15,95.0,0,91,0.256,0
157,0,0.0,2021-03-20,15.0,0.0,55,0.0,0.0,0.7943,0.0,0.0,13,0.0,5.0,0.0,14,105.0,0,139,0.255,0
158,0,0.0,2021-03-21,0.0,0.0,56,0.0,0.0,0.5045,0.0,0.0,7,0.0,4.0,0.0,12,170.0,0,193,0.146,0
159,0,0.0,2021-03-22,15.0,0.0,55,0.0,47.0,0.8015,0.0,0.0,11,0.0,3.0,0.0,12,114.0,0,106,0.229,0
160,0,0.0,2021-03-23,0.0,0.0,63,0.0,32.0,0.5698,0.0,0.0,7,0.0,3.0,0.0,11,135.0,0,275,0.159,0
161,0,0.0,2021-03-24,15.0,0.0,67,0.0,0.0,0.7764,0.0,0.0,14,0.0,4.0,0.0,16,82.0,0,140,0.24,0
162,0,0.0,2021-03-25,0.0,0.0,53,0.0,0.0,0.6807,0.0,0.0,10,0.0,5.0,0.0,15,60.0,0,97,0.183,0
163,0,0.0,2021-03-26,0.0,0.0,55,0.0,0.0,0.4469,0.0,0.0,8,0.0,3.0,0.0,12,206.0,0,246,0.167,0
164,0,0.0,2021-03-27,0.0,0.0,44,0.0,39.0,0.5223,0.0,0.0,9,0.0,4.0,0.0,13,210.0,0,224,0.173,0
165,0,0.0,2021-03-28,0.0,0.0,83,0.0,33.0,0.4303,0.0,0.0,7,0.0,3.0,0.0,11,210.0,0,364,0.159,0
166,0,0.0,2021-03-29,15.0,0.0,91,0.0,46.0,0.8289,0.0,0.0,11,0.0,5.0,0.0,11,90.0,0,159,0.25,0
167,0,0.0,2021-03-30,5.0,0.0,80,0.0,0.0,0.4359,0.0,0.0,10,0.0,3.0,0.0,13,240.0,0,201,0.192,0
168,0,0.0,2021-04-29,15.0,0.0,77,0.0,15.0,0.761,0.0,0.0,12,0.0,3.0,0.0,14,120.0,0,91,0.283,0
169,0,0.0,2021-04-01,15.0,0.0,64,0.0,35.0,0.8669,0.0,0.0,15,0.0,4.0,0.0,15,73.0,0,183,0.33,0
170,0,0.0,2021-04-02,15.0,0.0,113,0.0,0.0,0.6149,0.0,0.0,8,1.0,3.0,0.0,13,-15.0,0,126,0.185,0
171,0,0.0,2021-04-03,0.0,0.0,75,0.0,0.0,0.2727,0.0,0.0,0,0.0,1.0,0.0,0,60.0,0,423,0.0,0
172,0,0.0,2021-04-04,0.0,0.0,84,0.0,0.0,0.3623,0.0,0.0,7,1.0,3.0,0.0,12,210.0,0,105,0.175,0
173,0,0.0,2021-04-05,0.0,0.0,56,0.0,0.0,0.0849,0.0,0.0,2,0.0,1.0,0.0,13,240.0,0,527,0.046,0
174,0,0.0,2021-04-06,0.0,0.0,77,0.0,35.0,0.5996,0.0,0.0,10,0.0,3.0,0.0,15,160.0,0,99,0.22,0
175,0,0.0,2021-04-07,0.0,0.0,100,0.0,35.0,0.7607,0.0,0.0,13,0.0,4.0,0.0,14,75.0,0,126,0.306,0
176,0,0.0,2021-04-08,15.0,0.0,86,0.0,20.0,0.7831,0.0,0.0,14,0.0,4.0,0.0,18,50.0,0,150,0.257,0
177,0,0.0,2021-04-09,0.0,0.0,78,0.0,0.0,0.4924,0.0,0.0,4,0.0,4.0,0.0,11,-10.0,0,195,0.109,0
178,0,0.0,2021-04-10,10.0,0.0,96,0.0,0.0,0.3511,0.0,0.0,8,1.0,3.0,0.0,13,223.0,0,295,0.185,0
179,0,0.0,2021-04-11,0.0,0.0,65,0.0,0.0,0.3397,0.0,0.0,5,0.0,2.0,0.0,12,180.0,0,271,0.125,0
180,0,0.0,2021-04-12,0.0,0.0,56,0.0,23.0,0.4717,0.0,0.0,7,0.0,3.0,0.0,15,180.0,0,188,0.154,0
181,0,0.0,2021-04-13,15.0,0.0,103,0.0,38.0,0.8524,0.0,0.0,17,0.0,4.0,0.0,17,-10.0,0,280,0.33,0
182,0,0.0,2021-04-14,15.0,0.0,86,0.0,22.0,0.6747,0.0,0.0,13,0.0,3.0,0.0,14,180.0,0,262,0.306,0
183,0,0.0,2021-04-15,0.0,0.0,56,0.0,0.0,0.5292,0.0,0.0,11,0.0,3.0,0.0,14,104.0,0,445,0.259,0
184,0,0.0,2021-04-16,0.0,0.0,39,0.0,0.0,0.0926,0.0,0.0,6,0.0,3.0,0.0,12,300.0,0,520,0.15,0
185,0,0.0,2021-04-17,0.0,0.0,47,0.0,0.0,0.3836,0.0,0.0,5,0.0,4.0,0.0,10,200.0,0,202,0.15,0
186,0,0.0,2021-04-18,0.0,0.0,79,0.0,0.0,0.1635,0.0,0.0,4,0.0,2.0,0.0,9,275.0,0,300,0.133,0
187,0,0.0,2021-04-19,0.0,0.0,103,0.0,0.0,0.2843,0.0,0.0,4,0.0,4.0,0.0,9,210.0,0,375,0.133,0
188,0,0.0,2021-04-20,0.0,0.0,84,0.0,0.0,0.319,0.0,0.0,6,0.0,2.0,0.0,11,190.0,0,412,0.164,0
189,0,0.0,2021-04-21,0.0,0.0,93,0.0,30.0,0.4099,0.0,0.0,8,0.0,2.0,0.0,12,240.0,0,160,0.2,0
190,0,0.0,2021-04-22,0.0,0.0,80,0.0,0.0,0.3149,0.0,0.0,5,0.0,3.0,0.0,9,240.0,0,171,0.167,0
191,0,0.0,2021-04-23,0.0,0.0,92,0.0,15.0,0.4942,0.0,0.0,5,0.0,3.0,0.0,9,165.0,0,134,0.167,0
192,0,0.0,2021-04-24,0.0,0.0,55,0.0,0.0,0.4689,0.0,0.0,5,0.0,2.0,0.0,10,6.0,0,377,0.15,0
193,0,0.0,2021-04-25,0.0,0.0,68,0.0,7.0,0.3713,0.0,0.0,8,0.0,4.0,0.0,12,270.0,0,70,0.2,0
194,0,0.0,2021-04-26,0.0,0.0,91,0.0,30.0,0.4475,0.0,0.0,8,0.0,3.0,0.0,13,225.0,0,118,0.185,0
195,0,0.0,2021-04-27,15.0,0.0,80,0.0,34.0,0.671,0.0,0.0,11,0.0,3.0,0.0,13,190.0,0,100,0.254,0
196,0,0.0,2021-04-28,0.0,0.0,90,0.0,0.0,0.4617,0.0,0.0,8,0.0,3.0,0.0,12,180.0,0,104,0.2,0
197,0,0.0,2021-05-01,0.0,0.0,31,0.0,0.0,0.0863,0.0,0.0,4,0.0,1.0,0.0,12,285.0,0,404,0.1,0
198,0,0.0,2021-05-02,0.0,0.0,37,0.0,15.0,0.5296,0.0,0.0,11,0.0,4.0,0.0,13,200.0,0,257,0.254,0
199,0,0.0,2021-05-03,0.0,0.0,57,0.0,23.0,0.4359,0.0,0.0,9,0.0,3.0,0.0,13,240.0,0,148,0.208,0
200,0,0.0,2021-05-04,0.0,0.0,77,0.0,78.0,0.8324,0.0,0.0,11,0.0,5.0,0.0,13,-70.0,0,141,0.254,0
201,0,0.0,2021-05-05,15.0,0.0,70,0.0,27.0,0.8682,0.0,0.0,14,0.0,4.0,0.0,14,59.0,0,151,0.33,0
202,0,0.0,2021-05-06,15.0,0.0,120,0.0,31.0,0.8151,0.0,0.0,15,0.0,4.0,0.0,16,50.0,0,246,0.309,0
203,0,0.0,2021-05-07,15.0,0.0,80,0.0,40.0,0.7033,0.0,0.0,15,0.0,4.0,0.0,15,210.0,0,230,0.33,0
204,0,0.0,2021-05-08,15.0,0.0,98,0.0,0.0,0.7474,0.0,0.0,14,0.0,3.0,0.0,16,-10.0,0,150,0.289,0
205,0,0.0,2021-05-09,15.0,0.0,80,0.0,0.0,0.7367,0.0,0.0,10,0.0,4.0,0.0,11,66.0,0,134,0.273,0
206,0,0.0,2021-05-10,10.0,0.0,67,0.0,26.0,0.7364,0.0,0.0,9,0.0,4.0,0.0,9,140.0,0,187,0.3,0
207,0,0.0,2021-05-11,0.0,0.0,62,0.0,30.0,0.4687,0.0,0.0,8,0.0,2.0,0.0,10,180.0,0,509,0.24,0
208,0,0.0,2021-05-12,15.0,0.0,95,0.0,26.0,0.6919,0.0,0.0,8,0.0,3.0,0.0,9,155.0,0,186,0.267,0
209,0,0.0,2021-05-13,0.0,0.0,107,0.0,0.0,0.47,0.0,0.0,6,0.0,3.0,0.0,9,120.0,0,321,0.2,0
210,0,0.0,2021-05-14,15.0,0.0,82,0.0,34.0,0.6457,0.0,0.0,7,0.0,3.0,0.0,9,180.0,0,174,0.234,0
211,0,0.0,2021-05-15,15.0,0.0,87,0.0,0.0,0.7015,0.0,0.0,7,0.0,5.0,0.0,8,96.0,0,190,0.263,0
212,0,0.0,2021-05-16,12.0,0.0,77,0.0,0.0,0.5613,0.0,0.0,7,0.0,3.0,0.0,10,95.0,0,382,0.21,0
213,0,0.0,2021-05-17,15.0,0.0,108,0.0,21.0,0.8145,0.0,0.0,13,0.0,4.0,0.0,14,25.0,0,217,0.306,0
214,0,0.0,2021-05-18,15.0,0.0,71,0.0,16.0,0.8102,0.0,0.0,10,0.0,4.0,0.0,10,104.0,0,82,0.3,0
215,0,0.0,2021-05-19,0.0,0.0,75,0.0,23.0,0.6556,0.0,0.0,10,0.0,3.0,0.0,12,-30.0,0,328,0.25,0
216,0,0.0,2021-05-20,15.0,0.0,82,0.0,0.0,0.6318,0.0,0.0,12,0.0,4.0,0.0,14,163.0,0,232,0.283,0
217,0,0.0,2021-05-21,10.0,0.0,165,0.0,43.0,0.8546,0.0,0.0,12,1.0,4.0,0.0,12,-140.0,0,180,0.3,0
218,0,0.0,2021-05-22,0.0,0.0,114,0.0,0.0,0.406,0.0,0.0,4,1.0,4.0,0.0,10,120.0,0,184,0.12,0
219,0,0.0,2021-05-23,0.0,0.0,68,0.0,25.0,0.3699,0.0,0.0,3,0.0,2.0,0.0,12,150.0,0,368,0.075,0
220,0,0.0,2021-05-24,0.0,0.0,97,0.0,0.0,0.5186,0.0,0.0,10,0.0,3.0,0.0,13,146.0,0,167,0.231,0
221,0,0.0,2021-05-25,0.0,0.0,96,0.0,0.0,0.6036,0.0,0.0,12,1.0,3.0,0.0,16,-20.0,0,120,0.248,0
222,0,0.0,2021-05-26,15.0,0.0,113,0.0,0.0,0.4593,0.0,0.0,7,1.0,3.0,0.0,11,161.0,0,347,0.191,0
223,0,0.0,2021-05-27,0.0,0.0,73,0.0,0.0,0.2936,0.0,0.0,6,0.0,2.0,0.0,12,221.0,0,281,0.15,0
224,0,0.0,2021-05-28,0.0,0.0,95,0.0,0.0,0.5116,0.0,0.0,7,1.0,3.0,0.0,12,-12.0,0,192,0.175,0
225,0,0.0,2021-05-29,0.0,0.0,77,0.0,10.0,0.495,0.0,0.0,10,1.0,3.0,0.0,13,190.0,0,117,0.231,0
226,0,0.0,2021-05-30,15.0,0.0,96,0.0,25.0,0.7439,0.0,0.0,13,0.0,3.0,0.0,15,119.0,0,199,0.286,0
227,0,0.0,2021-05-31,10.0,0.0,122,0.0,0.0,0.6895,0.0,0.0,12,1.0,4.0,0.0,14,-25.0,0,151,0.283,0
228,0,0.0,2021-06-25,15.0,0.0,138,0.0,10.0,0.7107,0.0,0.0,7,1.0,4.0,0.0,9,40.0,0,105,0.234,0
229,0,0.0,2021-06-01,0.0,0.0,102,0.0,14.0,0.7104,0.0,0.0,13,0.0,4.0,0.0,15,20.0,0,197,0.286,0
230,0,0.0,2021-06-02,0.0,0.0,128,0.0,6.0,0.6859,0.0,0.0,13,1.0,5.0,0.0,14,6.0,0,217,0.306,0
231,0,0.0,2021-06-03,15.0,0.0,61,0.0,55.0,0.8546,0.0,0.0,11,0.0,3.0,0.0,12,19.0,0,174,0.275,0
232,0,0.0,2021-06-04,15.0,0.0,95,0.0,11.0,0.7566,0.0,0.0,12,1.0,3.0,0.0,14,10.0,0,163,0.283,0
233,0,0.0,2021-06-05,15.0,0.0,138,0.0,0.0,0.7194,0.0,0.0,13,1.0,4.0,0.0,14,30.0,0,185,0.306,0
234,0,0.0,2021-06-06,15.0,0.0,50,0.0,28.0,0.6775,0.0,0.0,10,0.0,4.0,0.0,12,167.0,0,237,0.25,0
235,0,0.0,2021-06-07,15.0,0.0,121,0.0,0.0,0.706,0.0,0.0,11,1.0,5.0,0.0,12,0.0,0,199,0.275,0
236,0,0.0,2021-06-08,15.0,0.0,144,0.0,9.0,0.8249,0.0,0.0,16,0.0,5.0,0.0,16,-35.0,0,224,0.33,0
237,0,0.0,2021-06-09,15.0,0.0,105,0.0,17.0,0.8045,0.0,0.0,12,0.0,4.0,0.0,12,77.0,0,137,0.3,0
238,0,0.0,2021-06-10,15.0,0.0,106,0.0,35.0,0.8577,0.0,0.0,13,0.0,5.0,0.0,13,-41.0,0,198,0.3,0
239,0,0.0,2021-06-11,15.0,0.0,99,0.0,2.0,0.7267,0.0,0.0,11,0.0,4.0,0.0,13,18.0,0,260,0.254,0
240,0,0.0,2021-06-12,15.0,0.0,84,0.0,18.0,0.6521,0.0,0.0,10,1.0,3.0,0.0,12,142.0,0,185,0.25,0
241,0,0.0,2021-06-13,3.0,0.0,120,0.0,33.0,0.7647,0.0,0.0,10,0.0,4.0,0.0,10,43.0,0,173,0.3,0
242,0,0.0,2021-06-14,15.0,0.0,99,0.0,0.0,0.7206,0.0,0.0,12,0.0,3.0,0.0,15,56.0,0,109,0.264,0
243,0,0.0,2021-06-15,15.0,0.0,101,0.0,45.0,0.8943,0.0,0.74,14,0.0,5.0,0.0,14,56.0,0,208,0.33,0
244,0,0.0,2021-06-16,15.0,0.0,87,0.0,47.0,0.8347,0.0,0.0,13,0.0,3.0,0.0,14,60.0,0,230,0.306,0
245,0,0.0,2021-06-17,15.0,0.0,118,0.0,52.0,0.846,0.0,0.0,12,0.0,4.0,0.0,13,0.0,0,166,0.277,0
246,0,0.0,2021-06-18,15.0,0.0,98,0.0,40.0,0.765,0.0,0.0,11,1.0,3.0,0.0,14,0.0,0,202,0.259,0
247,0,0.0,2021-06-19,0.0,0.0,143,0.0,0.0,0.276,0.0,0.0,1,0.0,2.0,0.0,10,0.0,0,529,0.03,0
248,0,0.0,2021-06-20,15.0,0.0,151,0.0,0.0,0.6659,0.0,0.0,9,0.0,4.0,0.0,12,-15.0,0,197,0.225,0
249,0,0.0,2021-06-21,5.0,0.0,83,0.0,0.0,0.696,0.0,0.0,9,0.0,5.0,0.0,11,-42.0,0,112,0.246,0
250,0,0.0,2021-07-30,0.0,0.0,243,0.0,0.0,0.5273,0.0,0.0,3,0.0,3.0,0.0,9,-180.0,0,243,0.1,0
251,0,0.0,2021-07-04,15.0,0.0,124,0.0,0.0,0.6411,0.0,0.0,7,1.0,4.0,0.0,9,35.0,0,222,0.234,0
252,0,0.0,2021-07-05,15.0,0.0,114,0.0,0.0,0.647,0.0,0.0,8,1.0,3.0,0.0,11,0.0,0,126,0.218,0
253,0,0.0,2021-07-06,15.0,0.0,131,0.0,30.0,0.7326,0.0,0.0,10,1.0,4.0,0.0,12,-20.0,0,242,0.25,0
254,0,0.0,2021-07-07,0.0,0.0,121,0.0,0.0,0.4364,0.0,0.0,5,1.0,4.0,0.0,13,-10.0,0,261,0.116,0
255,0,0.0,2021-07-09,15.0,0.0,167,0.0,0.0,0.6334,0.0,0.0,7,0.0,4.0,0.0,12,-10.0,0,104,0.175,0
256,0,0.0,2021-07-10,15.0,0.0,86,0.0,0.0,0.6876,0.0,0.0,6,1.0,5.0,0.0,8,-20.0,0,135,0.225,0
257,0,0.0,2021-07-11,0.0,0.0,73,0.0,0.0,0.5776,0.0,0.0,5,0.0,4.0,0.0,9,-20.0,0,103,0.167,0
258,0,0.0,2021-07-12,0.0,0.0,141,0.0,0.0,0.6473,0.0,0.0,7,0.0,3.0,0.0,11,-180.0,0,269,0.191,0
259,0,0.0,2021-07-13,15.0,0.0,124,0.0,0.0,0.6724,0.0,0.0,8,0.0,4.0,0.0,10,20.0,0,252,0.24,0
260,0,0.0,2021-07-14,15.0,0.0,142,0.0,0.0,0.7845,0.0,0.0,8,0.0,4.0,0.0,10,-170.0,0,243,0.24,0
261,0,0.0,2021-07-15,13.0,0.0,128,0.0,0.0,0.8113,0.0,0.0,9,0.0,4.0,0.0,10,-180.0,0,285,0.27,0
262,0,0.0,2021-07-16,0.0,0.0,163,0.0,0.0,0.7043,0.0,0.0,8,0.0,4.0,0.0,10,-180.0,0,256,0.24,0
263,0,0.0,2021-07-17,0.0,0.0,140,0.0,0.0,0.5568,0.0,0.0,7,1.0,4.0,0.0,10,-104.0,0,295,0.21,0
264,0,0.0,2021-07-18,0.0,0.0,160,0.0,0.0,0.3799,0.0,0.0,5,0.0,2.0,0.0,10,90.0,0,446,0.15,0
265,0,0.0,2021-07-19,15.0,0.0,130,0.0,30.0,0.8159,0.0,0.0,9,0.0,4.0,0.0,9,-15.0,0,226,0.3,0
266,0,0.0,2021-07-20,15.0,0.0,200,0.0,23.0,0.8593,0.0,0.0,8,1.0,5.0,0.0,9,-180.0,0,214,0.267,0
267,0,0.0,2021-07-21,0.0,0.0,150,0.0,0.0,0.564,0.0,0.0,6,9.0,5.0,0.0,9,0.0,0,213,0.2,0
268,0,0.0,2021-07-22,15.0,0.0,159,0.0,0.0,0.7895,0.0,0.0,9,0.0,4.0,0.0,11,-170.0,0,224,0.246,0
269,0,0.0,2021-07-23,15.0,0.0,110,0.0,0.0,0.7839,0.0,0.0,8,0.0,3.0,0.0,9,-174.0,0,363,0.267,0
270,0,0.0,2021-07-24,3.0,0.0,125,0.0,0.0,0.5873,0.0,0.0,9,1.0,4.0,0.0,11,-51.0,0,277,0.246,0
271,0,0.0,2021-07-25,0.0,0.0,162,0.0,0.0,0.4931,0.0,0.0,6,1.0,3.0,0.0,9,-5.0,0,263,0.2,0
272,0,0.0,2021-07-26,0.0,0.0,176,0.0,0.0,0.4481,0.0,0.0,4,1.0,3.0,0.0,9,-5.0,0,160,0.133,0
273,0,0.0,2021-07-27,0.0,0.0,151,0.0,0.0,0.4223,0.0,0.0,1,1.0,2.0,0.0,10,-180.0,0,341,0.03,0
274,0,0.0,2021-07-28,15.0,0.0,196,0.0,0.0,0.53,0.0,0.0,6,1.0,3.0,0.0,10,0.0,0,312,0.18,0
275,0,0.0,2021-07-29,0.0,0.0,182,0.0,0.0,0.5376,0.0,0.0,7,1.0,4.0,0.0,9,-30.0,0,251,0.234,0
276,0,0.0,2021-08-01,0.0,0.0,151,0.0,0.0,0.5833,0.0,0.0,3,1.0,4.0,0.0,7,-180.0,0,200,0.129,0
277,0,0.0,2021-08-05,15.0,0.0,153,0.0,0.0,0.721,0.0,0.0,7,0.0,4.0,0.0,9,-120.0,0,230,0.234,0
278,0,0.0,2021-08-06,6.0,0.0,141,0.0,0.0,0.5763,0.0,0.0,7,1.0,3.0,0.0,9,-60.0,0,280,0.234,0
279,0,0.0,2021-08-07,13.0,0.0,114,0.0,16.0,0.7581,0.0,0.0,10,0.0,4.0,0.0,10,76.0,0,255,0.3,0
280,0,0.0,2021-08-08,15.0,0.0,104,0.0,0.0,0.64,0.0,0.0,9,1.0,3.0,0.0,11,0.0,0,272,0.246,0
281,0,0.0,2021-08-09,15.0,0.0,113,0.0,0.0,0.6763,0.0,0.0,8,0.0,3.0,0.0,10,-18.0,0,217,0.24,0
282,0,0.0,2021-08-10,0.0,0.0,206,0.0,0.0,0.5205,0.0,0.0,6,0.0,4.0,0.0,9,54.0,0,214,0.2,0
283,0,0.0,2021-08-11,0.0,0.0,144,0.0,0.0,0.5187,0.0,0.0,5,0.0,3.0,0.0,9,29.0,0,167,0.167,0
284,0,0.0,2021-08-12,0.0,0.0,70,0.0,0.0,0.445,0.0,0.0,2,0.0,2.0,0.0,8,0.0,0,160,0.075,0
285,0,0.0,2021-08-13,10.0,0.0,89,0.0,0.0,0.3718,0.0,0.0,2,0.0,2.0,0.0,8,135.0,0,348,0.075,0
286,0,0.0,2021-08-28,0.0,0.0,129,0.0,0.0,0.6201,0.0,0.0,8,0.0,3.0,0.0,10,-90.0,0,209,0.24,0
287,0,0.0,2021-08-29,15.0,0.0,164,0.0,20.0,0.7701,0.0,0.0,10,1.0,3.0,0.0,10,-90.0,0,255,0.3,0
288,0,0.0,2021-08-30,15.0,0.0,141,0.0,17.0,0.7883,0.0,0.0,13,0.0,3.0,0.0,15,-68.0,0,206,0.286,0
289,0,0.0,2021-08-31,15.0,0.0,104,0.0,22.0,0.8307,0.0,0.0,14,0.0,3.0,0.0,15,-21.0,0,145,0.308,0
290,0,0.0,2021-09-30,0.0,0.0,71,0.0,0.0,0.4944,0.0,0.0,9,0.0,3.0,0.0,17,147.0,0,74,0.175,0
291,0,0.0,2021-09-01,12.0,0.0,174,0.0,0.0,0.7073,0.0,0.0,12,0.0,4.0,0.0,13,-60.0,0,187,0.277,0
292,0,0.0,2021-09-02,15.0,0.0,112,0.0,30.0,0.7485,0.0,0.0,11,1.0,3.0,0.0,13,11.0,0,167,0.254,0
293,0,0.0,2021-09-03,15.0,0.0,148,0.0,0.0,0.6404,0.0,0.0,9,1.0,3.0,0.0,12,-10.0,0,135,0.225,0
294,0,0.0,2021-09-04,0.0,0.0,127,0.0,0.0,0.3417,0.0,0.0,2,1.0,2.0,0.0,9,80.0,0,237,0.067,0
295,0,0.0,2021-09-05,0.0,0.0,114,0.0,0.0,0.4534,0.0,0.0,5,0.0,3.0,0.0,10,30.0,0,386,0.15,0
296,0,0.0,2021-09-06,15.0,0.0,158,0.0,0.0,0.6311,0.0,0.0,11,0.0,3.0,0.0,14,50.0,0,357,0.259,0
297,0,0.0,2021-09-07,0.0,0.0,131,0.0,0.0,0.448,0.0,0.0,6,0.0,3.0,0.0,12,120.0,0,183,0.15,0
298,0,0.0,2021-09-08,10.0,0.0,124,0.0,0.0,0.7026,0.0,0.0,12,0.0,4.0,0.0,13,10.0,0,177,0.277,0
299,0,0.0,2021-09-09,15.0,0.0,156,0.0,20.0,0.7904,0.0,0.0,12,0.0,4.0,0.0,14,-10.0,0,165,0.283,0
300,0,0.0,2021-09-10,0.0,0.0,145,0.0,10.0,0.6648,0.0,0.0,11,0.0,4.0,0.0,12,-31.0,0,262,0.275,0
301,0,0.0,2021-09-11,15.0,0.0,119,0.0,0.0,0.4787,0.0,0.0,6,0.0,2.0,0.0,11,180.0,0,136,0.164,0
302,0,0.0,2021-09-12,0.0,0.0,119,0.0,0.0,0.4541,0.0,0.0,6,0.0,1.0,0.0,13,15.0,0,255,0.139,0
303,0,0.0,2021-09-13,15.0,0.0,150,0.0,42.0,0.7671,0.0,0.0,13,0.0,4.0,0.0,15,125.0,0,164,0.286,0
304,0,0.0,2021-09-14,15.0,0.0,92,0.0,17.0,0.792,0.0,0.0,14,0.0,4.0,0.0,15,120.0,0,104,0.308,0
305,0,0.0,2021-09-15,15.0,0.0,105,0.0,30.0,0.8621,0.0,0.0,16,0.0,5.0,0.0,18,-17.0,0,106,0.293,0
306,0,0.0,2021-09-16,15.0,0.0,94,0.0,11.0,0.8381,0.0,0.0,16,0.0,4.0,0.0,17,22.0,0,113,0.311,0
307,0,0.0,2021-09-17,15.0,0.0,116,0.0,0.0,0.778,0.0,0.0,13,0.0,5.0,0.0,14,-1.0,0,165,0.306,0
308,0,0.0,2021-09-18,15.0,0.0,79,0.0,25.0,0.8513,0.0,0.0,15,0.0,5.0,0.0,16,38.0,0,183,0.309,0
309,0,0.0,2021-09-19,15.0,0.0,60,0.0,21.0,0.8523,0.0,0.0,15,0.0,5.0,0.0,15,95.0,0,152,0.33,0
310,0,0.0,2021-09-20,15.0,0.0,73,0.0,26.0,0.856,0.0,0.0,15,0.0,5.0,0.0,18,3.0,0,76,0.275,0
311,0,0.0,2021-09-21,15.0,0.0,89,0.0,20.0,0.8076,0.0,0.0,13,0.0,4.0,0.0,15,89.0,0,83,0.286,0
312,0,0.0,2021-09-22,15.0,0.0,79,0.0,14.0,0.8983,0.0,0.0,16,0.0,5.0,0.0,16,-60.0,0,101,0.33,0
313,0,0.0,2021-09-23,15.0,0.0,74,0.0,21.0,0.7716,0.0,0.0,12,0.0,3.0,0.0,16,-30.0,0,185,0.248,0
314,0,0.0,2021-09-24,0.0,0.0,75,0.0,0.0,0.4354,0.0,0.0,5,1.0,2.0,0.0,15,-19.0,0,218,0.11,0
315,0,0.0,2021-09-25,0.0,0.0,56,0.0,0.0,0.457,0.0,0.0,6,0.0,2.0,0.0,14,120.0,0,171,0.141,0
316,0,0.0,2021-09-26,15.0,0.0,87,0.0,30.0,0.7468,0.0,0.0,12,0.0,3.0,0.0,13,135.0,0,137,0.277,0
317,0,0.0,2021-09-27,15.0,0.0,95,0.0,0.0,0.7287,0.0,0.0,13,0.0,4.0,0.0,16,80.0,0,98,0.268,0
318,0,0.0,2021-09-28,15.0,0.0,89,0.0,21.0,0.8794,0.0,0.0,19,0.0,5.0,0.0,20,20.0,0,79,0.314,0
319,0,0.0,2021-09-29,15.0,0.0,70,0.0,14.0,0.8781,0.0,0.0,18,0.0,5.0,0.0,19,-53.0,0,113,0.313,0
320,0,0.0,2021-10-01,15.0,0.0,94,0.0,0.0,0.6799,0.0,0.0,12,1.0,3.0,0.0,16,-50.0,0,179,0.248,0
321,0,0.0,2021-10-02,0.0,0.0,90,0.0,0.0,0.391,0.0,0.0,3,0.0,3.0,0.0,16,120.0,0,120,0.062,0
322,0,0.0,2021-10-03,8.0,0.0,109,0.0,0.0,0.609,0.0,0.0,11,0.0,4.0,0.0,14,120.0,0,229,0.259,0
323,0,0.0,2021-10-04,15.0,0.0,120,0.0,19.0,0.7969,0.0,0.0,18,0.0,4.0,0.0,20,90.0,0,111,0.297,0
324,0,0.0,2021-10-05,17.0,0.0,97,0.0,0.0,0.7547,0.0,0.0,14,0.0,3.0,0.0,16,60.0,0,113,0.289,0
325,0,0.0,2021-10-06,15.0,0.0,88,0.0,18.0,0.8346,0.0,0.0,17,0.0,4.0,0.0,19,-30.0,0,136,0.295,0
326,0,0.0,2021-10-07,15.0,0.0,88,0.0,18.0,0.6944,0.0,0.0,8,0.0,2.0,0.0,12,30.0,0,186,0.2,0
327,0,0.0,2021-10-08,15.0,0.0,89,0.0,0.0,0.7423,0.0,0.0,11,0.0,4.0,0.0,15,-40.0,0,75,0.242,0
328,0,0.0,2021-10-10,15.0,0.0,112,0.0,0.0,0.6663,0.0,0.0,7,0.0,3.0,0.0,9,63.0,0,168,0.234,0
329,0,0.0,2021-10-11,0.0,0.0,106,0.0,0.0,0.47,0.0,0.0,7,0.0,3.0,0.0,13,120.0,0,180,0.162,0
330,0,0.0,2021-10-12,15.0,0.0,119,0.0,23.0,0.853,0.0,0.0,18,0.0,5.0,0.0,18,81.0,0,118,0.33,0
331,0,0.0,2021-10-13,15.0,0.0,112,0.0,26.0,0.8776,0.0,0.0,19,0.0,5.0,0.0,19,-30.0,0,160,0.33,0
332,0,0.0,2021-10-14,13.0,0.0,98,0.0,26.0,0.792,0.0,0.0,15,0.0,4.0,0.0,18,2.0,0,194,0.275,0
333,0,0.0,2021-10-15,10.0,0.0,115,0.0,0.0,0.6214,0.0,0.0,10,0.0,4.0,0.0,17,-37.0,0,203,0.194,0
334,0,0.0,2021-10-16,15.0,0.0,124,0.0,0.0,0.7066,0.0,0.9,14,0.0,4.0,0.0,16,120.0,0,152,0.289,0
335,0,0.0,2021-10-17,14.0,0.0,123,0.0,29.0,0.7667,0.0,0.0,15,0.0,3.0,0.0,18,60.0,0,200,0.275,0
336,0,0.0,2021-10-18,15.0,0.0,154,0.0,0.0,0.7155,0.0,0.0,18,0.0,3.0,0.0,21,49.0,0,134,0.283,0
337,0,0.0,2021-10-19,13.0,0.0,114,0.0,0.0,0.7399,0.0,0.0,14,0.0,5.0,0.0,17,48.0,0,108,0.272,0
338,0,0.0,2021-10-20,14.0,0.0,97,0.0,23.0,0.8437,0.0,0.0,18,0.0,4.0,0.0,19,-21.0,0,155,0.313,0
339,0,0.0,2021-10-21,17.0,0.0,100,0.0,18.0,0.8197,0.0,0.0,13,0.0,5.0,0.0,15,75.0,0,131,0.286,0
340,0,0.0,2021-10-22,12.0,0.0,96,0.0,25.0,0.703,0.0,0.0,10,0.0,3.0,0.0,15,45.0,0,221,0.22,0
341,0,0.0,2021-10-23,10.0,0.0,82,0.0,0.0,0.5681,0.0,0.0,8,1.0,2.0,0.0,14,84.0,0,102,0.189,0
342,0,0.0,2021-10-24,14.0,0.0,96,0.0,26.0,0.7948,0.0,0.0,15,0.0,4.0,0.0,16,117.0,0,133,0.309,0
343,0,0.0,2021-10-25,16.0,0.0,145,0.0,25.0,0.8514,0.0,0.0,20,0.0,5.0,0.0,21,30.0,0,144,0.314,0
344,0,0.0,2021-10-26,16.0,0.0,113,0.0,38.0,0.9059,0.0,0.0,15,0.0,4.0,0.0,18,-122.0,0,98,0.275,0
345,0,0.0,2021-10-27,17.0,0.0,117,0.0,33.0,0.896,0.0,0.0,15,0.0,4.0,0.0,17,-120.0,0,180,0.291,0
346,0,0.0,2021-10-28,11.0,0.0,100,0.0,13.0,0.723,0.0,0.0,11,0.0,2.0,0.0,14,-81.0,0,286,0.259,0
347,0,0.0,2021-10-29,15.0,0.0,110,0.0,18.0,0.8201,0.0,0.0,13,1.0,3.0,0.0,14,-119.0,0,241,0.306,0
348,0,0.0,2021-10-30,0.0,0.0,64,0.0,0.0,0.335,0.0,0.0,2,0.0,2.0,0.0,14,120.0,0,265,0.047,0
349,0,0.0,2021-10-31,0.0,0.0,79,0.0,0.0,0.6246,0.0,0.0,11,0.0,4.0,0.0,14,70.0,0,183,0.259,0
350,0,0.0,2021-11-01,7.0,0.0,146,0.0,12.0,0.7267,0.0,0.0,13,0.0,4.0,0.0,15,75.0,0,127,0.286,0
351,0,0.0,2021-11-02,9.0,0.0,134,0.0,0.0,0.7046,0.0,0.0,12,0.0,4.0,0.0,13,-30.0,0,153,0.277,0
352,0,0.0,2021-11-03,8.0,0.0,119,0.0,0.0,0.7516,0.0,0.0,16,0.0,5.0,0.0,17,-30.0,0,148,0.311,0
353,0,0.0,2021-11-04,12.0,0.0,101,0.0,0.0,0.7633,0.0,0.0,12,0.0,5.0,0.0,13,-60.0,0,122,0.277,0
354,0,0.0,2021-11-05,10.0,0.0,149,0.0,0.0,0.6873,0.0,0.0,12,1.0,3.0,0.0,14,-60.0,0,122,0.283,0
355,0,0.0,2021-11-06,13.0,0.0,90,0.0,0.0,0.652,0.0,0.0,8,0.0,3.0,0.0,12,0.0,0,144,0.2,0
356,0,0.0,2021-11-07,12.0,0.0,121,0.0,22.0,0.755,0.0,0.0,9,0.0,4.0,0.0,11,0.0,0,151,0.246,0
357,0,0.0,2021-11-08,10.0,0.0,110,0.0,11.0,0.7433,0.0,0.0,12,0.0,3.0,0.0,16,-40.0,0,91,0.248,0
358,0,0.0,2021-11-09,15.0,0.0,96,0.0,17.0,0.8913,0.0,0.0,15,0.0,5.0,0.0,15,-60.0,0,120,0.33,0
359,0,0.0,2021-11-10,16.0,0.0,120,0.0,13.0,0.8463,0.0,0.0,15,0.0,5.0,0.0,17,-60.0,0,109,0.291,0
360,0,0.0,2021-11-11,17.0,0.0,94,0.0,13.0,0.8293,0.0,0.0,15,0.0,3.0,0.0,16,-60.0,0,207,0.309,0
361,0,0.0,2021-11-12,14.0,0.0,99,0.0,0.0,0.6593,0.0,0.0,11,0.0,3.0,0.0,16,-60.0,0,278,0.227,0
362,0,0.0,2021-11-13,12.0,0.0,47,0.0,0.0,0.761,0.0,0.0,14,0.0,4.0,0.0,16,0.0,0,150,0.289,0
363,0,0.0,2021-11-14,12.0,0.0,56,0.0,9.0,0.801,0.0,0.0,13,0.0,4.0,0.0,13,0.0,0,196,0.3,0
364,0,0.0,2021-11-15,16.0,0.0,121,0.0,14.0,0.8349,0.0,0.0,14,0.0,3.0,0.0,15,-35.0,0,95,0.308,0
365,0,0.0,2021-11-16,17.0,0.0,54,0.0,14.0,0.8389,0.0,0.0,12,0.0,3.0,0.0,12,-35.0,0,162,0.3,0
366,0,0.0,2021-11-17,16.0,0.0,82,0.0,13.0,0.8503,0.0,0.0,11,0.0,4.0,0.0,11,-60.0,0,132,0.3,0
367,0,0.0,2021-11-18,16.0,0.0,96,0.0,0.0,0.742,0.0,0.0,6,0.0,4.0,0.0,7,0.0,0,117,0.257,0
368,0,0.0,2021-11-19,0.0,0.0,97,0.0,0.0,0.6009,0.0,0.0,8,0.0,4.0,0.0,11,-35.0,0,189,0.218,0
369,0,0.0,2021-11-20,0.0,0.0,79,0.0,0.0,0.3746,0.0,0.0,5,1.0,2.0,0.0,14,37.0,0,445,0.118,0
370,0,0.0,2021-11-21,11.0,0.0,60,0.0,30.0,0.6111,0.0,0.0,8,0.0,2.0,0.0,11,110.0,0,425,0.218,0
371,0,0.0,2021-11-22,0.0,0.0,106,0.0,0.0,0.575,0.0,0.0,11,0.0,3.0,0.0,15,0.0,0,302,0.242,0
372,0,3.0,2021-12-01,10.0,3.0,132,4.0,0.0,0.6982,2.0,0.0,13,0.0,2.8,2.0,15,-30.0,0,175,0.286,0
373,0,4.0,2021-12-02,10.0,3.0,124,2.0,15.0,0.7399,2.0,0.0,13,0.0,2.8,3.0,14,38.0,0,272,0.306,0
374,0,5.0,2021-12-03,15.0,4.0,114,4.0,16.0,0.7674,4.0,0.0,13,0.0,4.2,4.0,17,-45.0,0,207,0.252,0
375,0,4.0,2021-12-04,25.0,3.0,124,2.0,0.0,0.574,2.0,0.0,8,1.0,2.6,2.0,14,117.0,0,262,0.189,0
376,0,3.0,2021-12-05,22.0,2.0,110,2.0,0.0,0.5557,3.0,0.0,5,0.0,2.2,1.0,14,47.0,0,291,0.118,0
377,0,5.0,2021-12-06,15.0,4.0,110,3.0,0.0,0.6252,3.0,0.0,11,0.0,3.6,3.0,15,120.0,0,230,0.242,0
378,0,3.0,2021-12-07,15.0,2.0,92,1.0,13.0,0.7294,2.0,0.0,13,0.0,2.0,2.0,13,30.0,0,400,0.3,0
379,0,3.0,2021-12-08,15.0,3.0,165,4.0,20.0,0.7704,3.0,0.0,14,0.0,3.4,4.0,18,-30.0,0,115,0.257,0
380,0,4.0,2021-12-09,15.0,4.0,140,4.0,11.0,0.752,3.0,0.0,11,0.0,3.8,4.0,14,30.0,0,161,0.259,0
381,0,5.0,2021-12-10,15.0,4.0,132,4.0,10.0,0.7021,4.0,0.0,12,1.0,4.0,3.0,16,-36.0,0,242,0.248,0
382,0,4.0,2021-12-11,0.0,3.0,158,4.0,0.0,0.3977,3.0,0.0,5,1.0,3.4,3.0,13,48.0,0,295,0.116,0
383,0,2.0,2021-12-12,0.0,1.0,97,1.0,0.0,0.1789,2.0,0.0,0,0.0,1.4,1.0,12,174.0,0,367,0.0,0
384,0,2.0,2021-12-13,0.0,2.0,102,1.0,0.0,0.3779,2.0,0.0,3,0.0,1.6,1.0,13,60.0,0,278,0.069,0
385,0,3.0,2021-12-14,25.0,2.0,134,1.0,0.0,0.5889,2.0,0.0,6,0.0,2.0,2.0,10,23.0,0,443,0.18,0
386,0,5.0,2021-12-15,0.0,4.0,84,5.0,0.0,0.6241,4.0,0.0,8,0.0,4.4,4.0,11,-18.0,0,120,0.218,0
387,0,3.0,2021-12-16,15.0,4.0,97,3.0,0.0,0.6782,3.0,0.0,8,0.0,3.4,4.0,9,100.0,0,201,0.267,0
388,0,5.0,2021-12-17,25.0,4.0,133,3.0,0.0,0.7069,4.0,0.0,12,0.0,4.0,4.0,15,48.0,0,380,0.264,0
389,0,3.0,2021-12-18,0.0,4.0,88,3.0,0.0,0.5488,3.0,0.0,7,0.0,3.4,4.0,11,0.0,0,248,0.191,0
390,0,4.0,2021-12-19,15.0,3.0,105,4.0,0.0,0.6613,4.0,0.0,9,0.0,3.8,4.0,11,60.0,0,284,0.246,0
391,0,4.0,2021-12-20,22.0,4.0,116,2.0,0.0,0.7475,4.0,0.0,10,0.0,3.6,4.0,11,-83.0,0,343,0.273,0
392,0,5.0,2021-12-21,0.0,5.0,107,1.0,0.0,0.5503,4.0,0.0,8,0.0,3.6,3.0,11,27.0,0,314,0.218,0
393,0,3.0,2021-12-22,0.0,4.0,77,1.0,0.0,0.2975,3.0,0.0,2,0.0,2.8,3.0,8,150.0,0,411,0.075,0
394,0,3.0,2021-12-23,0.0,4.0,69,3.0,0.0,0.3757,4.0,0.0,3,1.0,3.4,3.0,8,150.0,0,185,0.113,0
395,0,3.0,2021-12-24,0.0,2.0,112,2.0,0.0,0.4891,3.0,0.0,5,0.0,2.6,3.0,10,-15.0,0,251,0.15,0
396,0,4.0,2021-12-25,0.0,3.0,40,4.0,0.0,0.4804,3.0,0.0,5,1.0,3.4,3.0,11,70.0,0,180,0.137,0
397,0,4.0,2022-01-01,0.0,3.0,78,4.0,0.0,0.5581,3.0,0.0,7,0.0,3.4,3.0,11,44.0,0,201,0.191,0
398,0,4.0,2022-01-02,0.0,4.0,79,4.0,0.0,0.588,4.0,0.0,9,0.0,4.0,4.0,13,71.0,0,128,0.208,0
399,0,3.0,2022-01-03,10.0,3.0,80,2.0,0.0,0.4402,3.0,0.0,5,1.0,2.6,2.0,11,120.0,0,308,0.137,0
400,0,4.0,2022-01-04,0.0,3.0,60,3.0,0.0,0.4847,2.0,0.0,6,1.0,3.0,3.0,11,66.0,0,231,0.164,0
401,0,1.0,2022-01-05,0.0,1.0,26,1.0,0.0,0.1857,1.0,0.0,0,0.0,1.0,1.0,9,66.0,0,804,0.0,0
402,0,4.0,2022-01-07,0.0,4.0,36,4.0,0.0,0.1542,4.0,0.0,3,0.0,3.8,3.0,11,300.0,0,70,0.082,0
403,0,4.0,2022-01-08,15.0,5.0,56,5.0,0.0,0.7595,4.0,0.0,8,0.0,4.4,4.0,9,60.0,0,91,0.267,0
404,0,3.0,2022-01-09,15.0,4.0,52,5.0,0.0,0.7507,4.0,0.0,10,0.0,4.0,4.0,11,86.0,0,76,0.273,0
405,0,3.0,2022-01-10,15.0,4.0,98,4.0,0.0,0.7215,3.0,0.0,10,1.0,3.6,4.0,12,-68.0,0,84,0.25,0
406,0,4.0,2022-01-11,0.0,2.0,89,2.0,0.0,0.3336,3.0,0.0,2,1.0,2.6,2.0,9,140.0,0,149,0.067,0
407,0,3.0,2022-01-12,5.0,1.0,66,1.0,0.0,0.2609,1.0,0.0,2,1.0,1.4,1.0,11,179.0,0,273,0.055,0
408,0,4.0,2022-01-13,0.0,3.0,94,3.0,0.0,0.0186,2.0,0.0,3,1.0,2.8,2.0,12,319.0,0,142,0.075,0
409,0,4.0,2022-01-14,0.0,3.0,87,3.0,0.0,0.3113,3.0,0.0,5,1.0,3.2,3.0,14,206.0,0,113,0.118,0
410,0,3.0,2022-01-15,0.0,2.0,108,4.0,0.0,0.4113,2.0,0.0,4,1.0,2.6,2.0,9,130.0,0,120,0.133,0
411,0,4.0,2022-01-16,5.0,2.0,102,1.0,0.0,0.2473,2.0,0.0,3,0.0,2.2,2.0,12,215.0,0,289,0.075,0
412,0,3.0,2022-01-17,15.0,4.0,92,4.0,0.0,0.6356,4.0,0.0,9,0.0,3.8,4.0,11,120.0,0,240,0.246,0
413,0,5.0,2022-01-18,15.0,4.0,103,3.0,0.0,0.8447,4.0,0.0,12,0.0,3.8,3.0,14,-155.0,0,152,0.283,0
414,0,2.0,2022-01-19,0.0,2.0,55,2.0,0.0,0.4569,2.0,0.0,6,0.0,2.0,2.0,12,90.0,0,300,0.15,0
415,0,4.0,2022-01-20,0.0,3.0,81,3.0,0.0,0.5214,3.0,0.0,7,1.0,3.2,3.0,12,1.0,0,180,0.175,0
416,0,4.0,2022-01-21,0.0,3.0,111,2.0,0.0,0.3579,2.0,0.0,2,1.0,2.6,2.0,10,60.0,0,240,0.06,0
417,0,2.0,2022-01-22,0.0,1.0,82,1.0,0.0,0.2811,1.0,0.0,0,0.0,1.2,1.0,10,60.0,0,392,0.0,0
418,0,4.0,2022-01-23,15.0,3.0,104,3.0,0.0,0.6107,2.0,0.0,9,0.0,3.0,3.0,13,107.0,0,182,0.208,0
419,0,3.0,2022-01-24,0.0,3.0,87,2.0,0.0,0.5161,2.0,0.0,6,0.0,2.4,2.0,10,-75.0,0,369,0.18,0
420,0,4.0,2022-01-25,15.0,4.0,128,3.0,0.0,0.6698,3.0,0.0,8,0.0,3.2,2.0,11,-70.0,0,219,0.218,0
421,0,5.0,2022-01-26,15.0,4.0,126,4.0,0.0,0.6767,4.0,0.0,10,0.0,4.0,3.0,13,60.0,0,149,0.231,0
422,0,4.0,2022-01-27,0.0,4.0,126,4.0,0.0,0.6747,4.0,0.0,16,0.0,4.2,5.0,19,-60.0,0,139,0.278,0
423,0,5.0,2022-01-28,15.0,4.0,148,4.0,0.0,0.718,4.0,0.0,11,1.0,4.2,4.0,14,-85.0,0,133,0.259,0
424,0,3.0,2022-02-01,10.0,4.0,108,4.0,0.0,0.6916,4.0,0.0,13,0.0,4.0,5.0,17,-20.0,,153,0.252,0
425,0,3.0,2022-02-02,0.0,2.0,123,2.0,0.0,0.5634,2.0,0.0,10,0.0,2.4,3.0,15,-30.0,,224,0.22,0
426,0,4.0,2022-02-03,15.0,3.0,123,2.0,0.0,0.644,3.0,0.0,11,1.0,3.0,3.0,14,0.0,,282,0.259,0
427,0,3.0,2022-02-04,0.0,2.0,144,1.0,0.0,0.3586,2.0,0.0,4,1.0,1.8,1.0,12,0.0,,360,0.1,0
428,0,1.0,2022-02-05,0.0,1.0,100,1.0,0.0,0.2539,1.0,0.0,0,0.0,1.0,1.0,12,-15.0,,520,0.0,0
429,0,3.0,2022-02-06,0.0,2.0,95,2.0,0.0,0.3636,1.0,0.0,2,1.0,2.0,2.0,13,-20.0,,223,0.046,0
430,0,4.0,2022-02-07,15.0,4.0,138,3.0,0.0,0.6699,4.0,0.0,12,0.0,3.6,3.0,16,60.0,,205,0.248,0
431,0,4.0,2022-02-08,10.0,4.0,94,4.0,0.0,0.7289,3.0,0.0,13,0.0,3.8,4.0,16,-60.0,,131,0.268,0
432,0,5.0,2022-02-09,15.0,5.0,146,5.0,17.0,0.8529,5.0,0.0,17,0.0,4.8,4.0,18,-60.0,,120,0.312,0
433,0,4.0,2022-02-10,15.0,3.0,116,3.0,15.0,0.7613,2.0,0.0,11,0.0,3.0,3.0,14,-60.0,,213,0.259,0
434,0,4.0,2022-02-11,15.0,4.0,131,3.0,14.0,0.7163,3.0,0.0,12,1.0,3.4,3.0,16,-11.0,,173,0.248,0
435,0,4.0,2022-02-12,15.0,5.0,49,3.0,32.0,0.8314,4.0,0.0,12,0.0,4.0,4.0,14,20.0,,213,0.283,0
436,0,4.0,2022-02-13,15.0,4.0,84,3.0,29.0,0.7223,4.0,0.0,9,1.0,3.8,4.0,12,60.0,,171,0.225,0
437,0,3.0,2022-02-14,15.0,4.0,107,4.0,18.0,0.7911,3.0,0.0,15,0.0,3.8,5.0,19,11.0,,121,0.261,0
438,0,3.0,2022-02-15,15.0,3.0,110,2.0,15.0,0.7101,2.0,0.0,11,0.0,2.4,2.0,17,-40.0,,189,0.214,0
439,0,4.0,2022-02-16,15.0,3.0,94,3.0,21.0,0.8285,3.0,0.0,14,0.0,3.2,3.0,15,-5.0,,164,0.308,0
440,0,2.0,2022-02-17,15.0,2.0,76,3.0,17.0,0.7507,2.0,0.0,12,0.0,2.2,2.0,17,-40.0,,155,0.233,0
441,0,3.0,2022-02-18,0.0,2.0,60,2.0,0.0,0.4725,2.0,0.0,8,1.0,2.2,2.0,16,-5.0,,310,0.165,0
442,0,4.0,2022-02-19,15.0,4.0,41,4.0,39.0,0.798,4.0,0.0,12,0.0,3.8,3.0,16,100.0,,108,0.248,0
443,0,3.0,2022-02-20,15.0,3.0,52,2.0,21.0,0.7586,3.0,0.0,13,0.0,2.6,2.0,18,30.0,,180,0.238,0
444,0,4.0,2022-02-21,15.0,5.0,81,4.0,16.0,0.8588,5.0,0.0,15,0.0,4.4,4.0,16,0.0,,100,0.309,0
445,0,4.0,2022-02-22,10.0,3.0,79,3.0,0.0,0.7434,3.0,0.0,13,0.0,3.4,4.0,14,-30.0,,182,0.306,0
446,0,4.0,2022-02-23,5.0,4.0,126,3.0,0.0,0.5701,4.0,0.0,7,0.0,3.8,4.0,13,-25.0,Busy-Exam-Study,138,0.162,0
447,0,4.0,2022-02-24,15.0,3.0,107,2.0,0.0,0.6799,3.0,0.0,12,0.0,3.0,3.0,17,-15.0,Data Analytics-Study-Trey,184,0.233,0
448,0,4.0,2022-02-25,15.0,3.0,149,3.0,0.0,0.5704,3.0,0.0,9,1.0,3.0,2.0,16,30.0,Drink-Netflix-Poker,232,0.186,0
449,0,1.0,2022-02-26,0.0,1.0,93,1.0,0.0,0.3391,1.0,0.0,2,1.0,1.0,1.0,14,50.0,Drink-Netflix-Youtube,231,0.047,0
450,0,3.0,2022-02-27,0.0,3.0,64,4.0,0.0,0.4581,3.0,0.0,10,0.0,3.2,3.0,16,180.0,Frustration-Home-Study,186,0.206,0
451,0,4.0,2022-02-28,15.0,5.0,123,4.0,10.0,0.7849,4.0,0.0,16,0.0,4.4,5.0,19,22.0,Productive-Study-Tutor,162,0.278,0
452,0,4.0,2022-03-01,15.0,4.0,81,3.0,15.0,0.7969,4.0,0.0,15,0.0,3.8,4.0,18,-40.0,Pathrise-Tired-Tutor,195,0.275,0
453,0,3.0,2022-03-02,15.0,3.0,111,4.0,0.0,0.7283,3.0,0.0,16,0.0,3.2,3.0,20,-27.0,Busy-Project-Statistics,131,0.264,0
454,0,4.0,2022-03-03,15.0,4.0,106,2.0,0.0,0.7349,3.0,0.0,16,0.0,3.2,3.0,20,-72.0,Busy-Overwhelmed-Tired,179,0.264,0
455,0,5.0,2022-03-04,5.0,4.0,132,5.0,0.0,0.6496,4.0,0.0,12,1.0,4.6,5.0,14,82.0,Drink-Friends-Poker,103,0.283,0
456,0,4.0,2022-03-05,10.0,3.0,49,2.0,0.0,0.5819,2.0,0.0,12,1.0,2.6,2.0,19,60.0,Drink-Home-Relax,244,0.208,0
457,0,4.0,2022-03-06,5.0,3.0,45,5.0,0.0,0.5676,4.0,0.0,6,0.0,3.8,3.0,15,45.0,Frustration-Overwhelmed-Study,105,0.132,0
458,0,5.0,2022-03-07,5.0,4.0,66,5.0,0.0,0.6951,3.0,0.0,15,0.0,4.2,4.0,18,60.0,Busy-Study-Tutor,131,0.275,0
459,0,4.0,2022-03-08,0.0,3.0,88,2.0,0.0,0.6459,3.0,0.0,13,0.0,3.0,3.0,16,-35.0,Busy-Home-Study,174,0.268,0
460,0,2.0,2022-03-09,0.0,2.0,103,5.0,0.0,0.6554,2.0,0.0,12,0.0,3.0,4.0,15,20.0,Frustration-Overwhelmed-Study,79,0.264,0
461,0,3.0,2022-03-10,0.0,4.0,78,3.0,0.0,0.5865,4.0,0.0,10,0.0,3.6,4.0,16,-40.0,Exam-Real Analysis-Study,210,0.206,0
462,0,5.0,2022-03-11,0.0,4.0,98,2.0,0.0,0.5495,4.0,0.0,7,1.0,3.8,4.0,10,-15.0,Break-Drink-Poker,212,0.21,0
463,0,1.0,2022-03-12,0.0,1.0,40,1.0,0.0,0.1997,1.0,0.0,0,1.0,1.0,1.0,10,75.0,Break-Lazy-Movies,600,0.0,0
464,0,3.0,2022-03-13,15.0,3.0,51,2.0,31.0,0.4443,2.0,0.0,4,0.0,2.4,2.0,11,225.0,Break-Home-Movies,187,0.109,0
465,0,1.0,2022-03-14,0.0,1.0,37,1.0,0.0,0.194,1.0,0.0,0,1.0,1.0,1.0,10,120.0,Drink-Netflix-Technology,497,0.0,0
466,0,2.0,2022-03-15,0.0,2.0,31,1.0,0.0,0.3852,2.0,0.0,2,1.0,1.6,1.0,10,120.0,Home-Relax-Technology,39,0.06,0
467,0,2.0,2022-03-16,0.0,2.0,65,2.0,0.0,0.36,2.0,0.0,2,0.0,2.0,2.0,9,120.0,Movies-Project-Technology,243,0.067,0
468,0,3.0,2022-03-17,15.0,2.0,79,3.0,0.0,0.4332,3.0,0.0,7,0.0,3.2,3.0,13,222.0,Home-Pathrise-Project,155,0.162,0
469,0,3.0,2022-03-18,15.0,2.0,70,3.0,16.0,0.5261,3.0,0.0,5,0.0,2.6,2.0,13,150.0,Friends-Movies-Project,221,0.116,0
470,0,4.0,2022-03-19,15.0,4.0,40,2.0,0.0,0.5637,3.0,0.0,9,0.0,3.4,4.0,14,150.0,Home-Project-Study,312,0.212,0
471,0,4.0,2022-03-20,15.0,3.0,60,2.0,23.0,0.7276,2.0,0.0,10,0.0,2.6,2.0,12,85.0,Home-Study-Technology,248,0.25,0
472,0,4.0,2022-03-21,0.0,3.0,69,2.0,0.0,0.509,3.0,0.0,11,0.0,3.0,3.0,17,120.0,Project-Social-Study,278,0.214,0
473,0,3.0,2022-03-22,15.0,2.0,70,2.0,0.0,0.4307,1.0,0.0,7,0.0,2.0,2.0,14,208.0,Lethargic-Real Analysis-Tired,222,0.165,0
474,0,4.0,2022-03-23,15.0,5.0,78,4.0,0.0,0.7532,4.0,0.0,14,0.0,4.4,5.0,16,85.0,Productive-Project-Statistics,111,0.289,0
475,0,5.0,2022-03-24,15.0,5.0,62,3.0,0.0,0.7948,5.0,0.0,14,0.0,4.6,5.0,15,-30.0,Happy-Productive-Python,177,0.308,0
476,0,5.0,2022-03-25,15.0,4.0,71,3.0,0.0,0.7684,4.0,0.0,12,0.0,4.0,4.0,13,30.0,Crypto-Real Analysis-Study,93,0.277,0
477,0,2.0,2022-03-26,15.0,2.0,48,2.0,11.0,0.6523,2.0,0.0,8,0.0,1.8,1.0,16,60.0,Lazy-Movies-Relax,178,0.165,0
478,0,3.0,2022-03-27,0.0,2.0,82,3.0,0.0,0.3223,3.0,0.0,2,0.0,2.8,3.0,11,180.0,Headache-Real Analysis-Study,85,0.055,0
479,0,2.0,2022-03-28,0.0,2.0,76,1.0,0.0,0.5789,2.0,0.0,9,0.0,1.8,2.0,15,-68.0,Frustration-Lazy-Overwhelmed,172,0.198,0
480,0,4.0,2022-03-29,15.0,4.0,50,3.0,0.0,0.7197,3.0,0.0,12,0.0,3.4,3.0,16,6.0,Frustration-Study-Work Search,184,0.248,0
481,0,5.0,2022-03-30,15.0,5.0,102,5.0,0.0,0.797,5.0,0.0,16,0.0,5.0,5.0,17,-2.0,Productive-Satisfied-Study,131,0.311,0
482,0,4.0,2022-04-01,0.0,2.0,70,2.0,0.0,0.5182,2.0,0.0,9,0.0,2.4,2.0,14,10.0,['Facetime'-'Technology'-'Unmotivated'],256,0.219,0
483,0,1.0,2022-04-02,15.0,1.0,42,2.0,0.0,0.4319,1.0,0.0,4,0.0,1.4,2.0,8,165.0,['Unmotivated'-'Lethargic'-'Study'],132,0.163,0
484,0,4.0,2022-04-03,0.0,3.0,58,3.0,0.0,0.5407,3.0,0.0,8,0.0,3.2,3.0,12,48.0,['Study'-'Exam'-'Social'],119,0.227,0
485,0,4.0,2022-04-04,0.0,4.0,68,3.0,0.0,0.5558,3.0,0.0,8,0.0,3.6,4.0,15,3.0,['Github'-'Coding'-'Exam'],79,0.181,0
486,0,3.0,2022-04-05,0.0,3.0,53,2.0,0.0,0.5304,3.0,0.0,8,0.0,2.8,3.0,14,0.0,['Project'-'Coding'-'Break'],193,0.194,0
487,0,4.0,2022-04-06,15.0,4.0,112,3.0,18.0,0.7894,4.0,0.0,13,0.0,3.8,4.0,15,30.0,['Statistics'-'Busy'-'instagram'],194,0.295,0
488,0,5.0,2022-04-07,15.0,5.0,55,3.0,14.0,0.8951,5.0,0.0,14,0.0,4.4,4.0,15,-35.0,['Proud'-'Happy'-'Social'],184,0.317,0
489,0,4.0,2022-04-08,15.0,4.0,128,3.0,0.0,0.6874,4.0,0.0,12,1.0,3.8,4.0,14,26.0,['Poker'-'Friends'-'Break'],191,0.292,0
490,0,4.0,2022-04-09,0.0,3.0,104,2.0,0.0,0.3378,3.0,0.0,7,0.0,2.8,2.0,12,180.0,['Movies'-'Project'-'Relax'],250,0.198,0
491,0,5.0,2022-04-10,15.0,5.0,69,4.0,18.0,0.8207,5.0,0.0,14,0.0,4.8,5.0,15,60.0,['Productive'-'Grind'-'Proud'],161,0.317,0
492,0,5.0,2022-04-11,15.0,5.0,83,4.0,14.0,0.8387,5.0,0.0,18,0.0,4.8,5.0,18,61.0,['Productive'-'Coding'-'Happy'],125,0.34,0
493,0,4.0,2022-04-12,15.0,5.0,83,3.0,15.0,0.9056,4.0,0.0,19,0.0,4.2,5.0,19,-30.0,['Productive'-'Coding'-'Social'],178,0.34,0
494,0,5.0,2022-04-13,15.0,5.0,107,4.0,11.0,0.8564,5.0,0.0,16,0.0,4.8,5.0,17,20.0,['Statistics'-'Coding'-'Productive'],93,0.32,0
495,0,4.0,2022-04-14,15.0,3.0,70,2.0,0.0,0.751,3.0,0.0,14,0.0,3.0,3.0,18,-31.0,['Headache'-'Tired'-'Overwhelmed'],150,0.265,0
496,0,4.0,2022-04-15,15.0,3.0,142,4.0,17.0,0.7348,4.0,0.0,11,1.0,3.6,3.0,15,10.0,['Drink'-'Social'-'Tired'],136,0.249,0
497,0,1.0,2022-04-16,0.0,1.0,53,1.0,0.0,0.2247,2.0,0.0,2,0.0,1.4,2.0,13,105.0,['Lazy'-'Tired'-'Hungover'],314,0.052,0
498,0,5.0,2022-04-17,15.0,4.0,47,2.0,13.0,0.7515,3.0,0.0,14,0.0,3.4,3.0,14,100.0,['Coding'-'Technology'-'Facetime'],227,0.34,0
499,0,5.0,2022-04-18,15.0,5.0,85,4.0,14.0,0.8582,4.0,0.0,14,0.0,4.4,4.0,16,0.0,['Social'-'Tutor'-'Coding'],84,0.298,0
500,0,4.0,2022-04-19,11.0,3.0,94,3.0,0.0,0.704,2.0,0.0,13,0.0,3.0,3.0,16,-10.0,['Tired'-'Frustration'-'Work Search'],164,0.276,0
501,0,4.0,2022-04-20,15.0,3.0,78,2.0,11.0,0.7251,2.0,0.0,10,0.0,2.6,2.0,12,60.0,['Movies'-'Project'-'Lazy'],130,0.283,0
502,0,4.0,2022-04-21,0.0,4.0,72,2.0,0.0,0.5296,4.0,0.0,6,0.0,3.2,2.0,10,30.0,[],101,0.196,0
503,0,5.0,2022-04-22,0.0,4.0,88,4.0,0.0,0.3621,3.0,0.0,6,1.0,3.6,2.0,11,150.0,['Drink'-'Poker'-'Social'],140,0.178,0
504,0,4.0,2022-04-23,15.0,3.0,82,2.0,18.0,0.7028,2.0,0.0,9,0.0,2.8,3.0,12,69.0,['Real Analysis'-'SQL'-'Technology'],158,0.255,0
505,0,4.0,2022-04-24,0.0,1.0,43,1.0,0.0,0.1911,1.0,0.0,1,0.0,1.6,1.0,10,150.0,['Social'-'Movies'-'Lazy'],221,0.033,0
506,0,4.0,2022-04-25,0.0,3.0,106,2.0,0.0,0.436,2.0,0.0,6,0.0,2.6,2.0,11,55.0,['Tutor'-'Lazy'-'Coding'],232,0.178,0
507,0,2.0,2022-04-26,15.0,1.0,89,1.0,16.0,0.5854,1.0,0.0,8,0.0,1.2,1.0,13,85.0,['Lazy'-'Lethargic'-'Technology'],212,0.209,0
508,0,3.0,2022-04-27,15.0,4.0,104,4.0,11.0,0.7771,3.0,0.0,13,0.0,3.6,4.0,14,60.0,['Statistics'-'Busy'-'Unmotivated'],125,0.316,0
509,0,3.0,2022-04-28,15.0,3.0,86,2.0,0.0,0.7385,2.0,0.0,8,0.0,2.6,3.0,11,-60.0,['Headache'-'Tired'-'Coding'],157,0.238,0
510,0,4.0,2022-04-29,15.0,3.0,100,3.0,0.0,0.6578,4.0,0.0,8,1.0,3.6,4.0,12,0.0,['Drink'-'Social'-'Friends'],156,0.227,0
511,0,4.0,2022-05-01,0.0,3.0,72,2.0,0.0,0.3788,3.0,0.0,6,0.0,3.0,3.0,10,143.0,['Study'-'Github'-'Social'],262,0.196,0
512,0,5.0,2022-05-02,15.0,5.0,113,4.0,13.0,0.8278,5.0,0.0,9,0.0,4.6,4.0,10,10.0,['Teaching'-'Coding'-'Happy'],138,0.294,0
513,0,3.0,2022-05-03,15.0,4.0,99,4.0,12.0,0.9067,4.0,0.0,15,0.0,3.8,4.0,17,-80.0,['Coding'-'Github'-'Focused'],136,0.3,0
514,0,4.0,2022-05-04,15.0,4.0,93,3.0,10.0,0.8078,3.0,0.0,14,0.0,3.6,4.0,15,19.0,['Study'-'Statistics'-'Coding'],176,0.317,0
515,0,5.0,2022-05-05,14.0,4.0,118,4.0,0.0,0.8649,4.0,0.0,15,0.0,4.4,5.0,15,-60.0,['Job Search/Interview'-'Productive'-'Proud'],168,0.34,0
516,0,4.0,2022-05-06,35.0,3.0,120,2.0,3.0,0.802,4.0,0.0,10,1.0,3.2,3.0,13,68.0,['Job Search/Interview'-'Drink'-'Proud'],113,0.262,0
517,0,1.0,2022-05-07,0.0,1.0,55,1.0,0.0,0.2076,1.0,0.0,1,1.0,1.0,1.0,12,75.0,['Lazy'-'Drink'-'Break'],240,0.028,0
518,0,3.0,2022-05-08,0.0,2.0,73,3.0,0.0,0.2733,2.0,0.0,5,0.0,2.6,3.0,14,210.0,['Busy'-'Procrastination'-'Project'],92,0.121,0
519,0,2.0,2022-05-09,15.0,3.0,91,3.0,0.0,0.6229,3.0,0.0,12,0.0,2.8,3.0,16,70.0,['Tired'-'Overwhelmed'-'Busy'],186,0.255,0
520,0,2.0,2022-05-10,0.0,2.0,69,2.0,0.0,0.628,2.0,0.0,13,0.0,2.0,2.0,15,-30.0,['Technology'-'Tired'-'Unmotivated'],242,0.295,0
521,0,2.0,2022-05-11,0.0,3.0,72,2.0,0.0,0.3947,3.0,0.0,8,0.0,2.6,3.0,13,145.0,['Statistics'-'Math'-'Procrastination'],199,0.209,0
522,0,4.0,2022-05-12,0.0,3.0,129,3.0,0.0,0.603,2.0,0.0,9,0.0,3.0,3.0,12,-20.0,['Exam'-'Study'-'Tired'],181,0.255,0
523,0,5.0,2022-05-13,0.0,3.0,137,3.0,0.0,0.4562,3.0,0.0,4,1.0,3.4,3.0,10,-20.0,['Drink'-'Movies'-'Exam'],189,0.131,0
524,0,4.0,2022-05-14,0.0,2.0,82,2.0,0.0,0.3145,2.0,0.0,2,0.0,2.4,2.0,6,100.0,['Lazy'-'Exam'-'Grateful'],269,0.109,0
525,0,4.0,2022-05-15,0.0,2.0,47,2.0,0.0,0.3519,2.0,0.0,3,0.0,2.6,3.0,6,133.0,['Study'-'Technology'-'Overwhelmed'],255,0.163,0
526,0,4.0,2022-05-16,0.0,2.0,71,2.0,0.0,0.4898,2.0,0.0,5,0.0,2.6,3.0,9,30.0,['Exam'-'Unmotivated'-'Overwhelmed'],154,0.182,0
527,0,2.0,2022-05-17,0.0,3.0,72,3.0,0.0,0.5771,3.0,0.0,4,0.0,2.8,3.0,8,-60.0,['Exam'-'Project'-'Netflix'],100,0.163,0
528,0,3.0,2022-05-18,0.0,3.0,75,4.0,0.0,0.4045,3.0,0.0,3,1.0,3.4,4.0,7,60.0,['Exam'-'Data Analytics'-'Relax'],158,0.14,0
529,0,4.0,2022-05-21,0.0,3.0,76,2.0,0.0,0.3437,3.0,0.0,6,1.0,2.8,2.0,10,150.0,['Movies'-'Relax'-'Coding'],230,0.196,0
530,0,2.0,2022-05-22,0.0,2.0,53,1.0,0.0,0.2497,2.0,0.0,3,1.0,1.8,2.0,7,120.0,['Technology'-'instagram'-'Coding'],433,0.14,0
531,0,5.0,2022-05-23,15.0,4.0,74,4.0,13.0,0.6542,4.0,0.0,9,0.0,4.2,4.0,10,164.0,['Coding'-'Python'-'Productive'],245,0.294,0
532,0,4.0,2022-05-24,0.0,4.0,64,2.0,0.0,0.5092,3.0,0.0,4,0.0,3.4,4.0,7,-7.0,['Exercise'-'Coding'-'SQL'],332,0.187,0
533,0,4.0,2022-05-25,0.0,4.0,211,2.0,0.0,0.5342,4.0,0.0,4,1.0,3.6,4.0,7,-75.0,['Drink'-'Travel'-'SQL'],282,0.187,0
534,0,4.0,2022-05-31,15.0,3.0,114,1.0,23.0,0.7738,3.0,1.13,8,0.0,2.6,2.0,10,-60.0,['Job Search/Interview'-'Coding'-'Technology'],495,0.261,0
535,0,4.0,2022-06-01,15.0,5.0,114,4.0,18.0,0.9274,4.0,1.12,11,0.0,4.4,5.0,11,-32.0,Coding-Productive-Satisfied,130,0.327,0
536,0,5.0,2022-06-02,15.0,5.0,91,4.0,22.0,0.9424,5.0,1.13,9,1.0,4.8,5.0,9,-60.0,Friends-Productive-Satisfied,158,0.327,0
537,0,5.0,2022-06-03,15.0,4.0,100,5.0,18.0,0.8152,5.0,1.31,9,1.0,4.6,4.0,11,6.0,Coding-Grateful-Poker,107,0.267,0
538,0,3.0,2022-06-04,15.0,2.0,51,2.0,20.0,0.7897,3.0,1.25,6,0.0,2.4,2.0,9,-51.0,Coding-Netflix-Sleep Shortage,219,0.218,0
539,0,5.0,2022-06-05,15.0,3.0,79,2.0,19.0,0.8266,3.0,0.0,9,1.0,3.2,3.0,9,0.0,Coding-Netflix-Social,148,0.327,0
540,0,2.0,2022-06-06,15.0,1.0,59,1.0,14.0,0.5186,1.0,0.0,4,1.0,1.2,1.0,12,12.0,Lazy-Lethargic-Technology,273,0.113,0
541,0,5.0,2022-06-07,15.0,4.0,79,4.0,25.0,0.9042,4.0,0.0,12,0.0,4.4,5.0,12,13.0,Coding-Job Search/Interview-Productive,123,0.34,0
542,0,4.0,2022-06-08,15.0,5.0,91,4.0,25.0,0.9604,4.0,1.34,12,0.0,4.2,4.0,12,-30.0,Coding-Productive-Statistics,118,0.34,0
543,0,5.0,2022-06-09,15.0,4.0,93,3.0,26.0,0.9239,4.0,1.44,13,0.0,4.0,4.0,13,-5.0,Data Analytics/Science-Pathrise-Productive,157,0.34,0
544,0,4.0,2022-06-10,15.0,4.0,86,3.0,21.0,0.8914,3.0,1.21,12,0.0,3.4,3.0,12,-11.0,Exercise-Lazy-Technology,212,0.34,0
545,0,4.0,2022-06-11,15.0,3.0,65,2.0,20.0,0.8153,4.0,1.42,12,1.0,3.2,3.0,13,-5.0,Coding-Project-Technology,268,0.314,0
546,0,4.0,2022-06-12,15.0,3.0,78,4.0,27.0,0.901,4.0,1.55,11,0.0,3.6,3.0,12,-1.0,Busy-Job Search/Interview-Social,106,0.312,0
547,0,3.0,2022-06-13,15.0,3.0,70,2.0,13.0,0.8256,2.0,1.09,11,0.0,2.6,3.0,12,-2.0,Exercise-Lethargic-Youtube,186,0.312,0
548,0,4.0,2022-06-14,15.0,3.0,53,2.0,28.0,0.8485,2.0,1.2,11,1.0,2.8,3.0,11,0.0,Data Analytics/Science-Exercise-Technology,195,0.327,0
549,0,3.0,2022-06-15,0.0,2.0,40,1.0,0.0,0.4604,1.0,0.0,6,0.0,1.8,2.0,13,24.0,Lazy-Lethargic-Technology,146,0.157,0
550,0,4.0,2022-06-16,25.0,3.0,72,2.0,0.0,0.7746,3.0,0.0,9,0.0,3.2,4.0,12,25.0,Job Search/Interview-Lethargic-Relax,94,0.255,0
551,0,5.0,2022-06-17,20.0,4.0,112,3.0,6.0,0.781,4.0,1.02,7,0.0,4.0,4.0,10,10.0,Coding-Friends-Social,159,0.229,0
552,0,4.0,2022-06-18,20.0,4.0,32,3.0,16.0,0.9294,4.0,0.0,9,0.0,3.8,4.0,9,5.0,Coding-Project-Satisfied,44,0.327,0
553,0,5.0,2022-06-19,20.0,4.0,34,4.0,16.0,0.8557,4.0,0.0,10,0.0,4.2,4.0,10,93.0,Coding-Facetime-Grateful,22,0.327,0
554,0,5.0,2022-06-20,20.0,4.0,64,4.0,15.0,0.8989,5.0,0.0,9,0.0,4.6,5.0,9,36.0,Coding-Productive-Social,79,0.327,0
555,0,3.0,2022-06-21,20.0,3.0,82,2.0,33.0,0.8954,3.0,0.0,9,0.0,2.8,3.0,9,15.0,Coding-Technology-Youtube,166,0.327,0
556,0,4.0,2022-06-22,20.0,4.0,53,3.0,28.0,0.8259,4.0,0.0,10,0.0,3.8,4.0,11,73.0,Coding-Lethargic-Pathrise,160,0.297,0
557,0,3.0,2022-06-23,0.0,2.0,47,2.0,12.0,0.7016,2.0,0.0,11,0.0,2.2,2.0,12,22.0,Frustration-Job Search/Interview-Technology,64,0.312,0
558,0,3.0,2022-06-24,0.0,2.0,38,1.0,0.0,0.4186,3.0,0.0,4,1.0,2.2,2.0,11,14.0,Break-Netflix-Relax,115,0.119,0
559,0,5.0,2022-06-25,20.0,4.0,48,4.0,25.0,0.7979,5.0,0.0,11,1.0,4.6,5.0,11,133.0,Blog-Happy-Productive,93,0.327,0
560,0,3.0,2022-06-26,20.0,3.0,33,3.0,18.0,0.834,3.0,0.0,9,1.0,3.0,3.0,9,30.0,Coding-Drink-Movies,154,0.327,0
561,0,5.0,2022-06-27,20.0,4.0,50,3.0,16.0,0.8143,4.0,0.0,12,0.0,4.0,4.0,12,120.0,Job Search/Interview-Productive-Satisfied,115,0.34,0
562,0,5.0,2022-06-28,20.0,5.0,63,3.0,21.0,0.8228,4.0,0.0,9,0.0,4.2,4.0,10,50.0,Grateful-Happy-Job Search/Interview,225,0.294,0
563,0,4.0,2022-06-29,20.0,2.0,78,2.0,0.0,0.6147,1.0,0.0,8,0.0,2.2,2.0,13,44.0,Frustration-Lethargic-Youtube,239,0.209,0
564,0,1.0,2022-07-02,0.0,2.0,26,1.0,0.0,0.2556,2.0,0.0,2,0.0,1.6,2.0,10,191.0,['Break'-'Technology'-'Lethargic'],66,0.06,0
565,0,3.0,2022-07-03,0.0,2.0,18,1.0,0.0,0.3188,2.0,0.0,3,0.0,2.0,2.0,11,144.0,['Youtube'-'Project'-'Lazy'],79,0.081,0
566,0,4.0,2022-07-04,15.0,3.0,45,4.0,0.0,0.5291,3.0,0.0,6,0.0,3.4,3.0,10,180.0,['Friends'-'Project'-'Grateful'],67,0.179,0
567,0,4.0,2022-07-05,15.0,4.0,39,3.0,19.0,0.7905,4.0,0.0,11,0.0,3.8,4.0,11,50.0,['Coding'-'Data Analytics/Science'-'Focused'],218,0.298,0
568,0,4.0,2022-07-06,20.0,4.0,50,4.0,19.0,0.7795,4.0,0.0,12,0.0,4.0,4.0,12,155.0,['Data Analytics/Science'-'Productive'-'Coding'],119,0.309,0
569,0,5.0,2022-07-07,20.0,4.0,60,4.0,18.0,0.8184,4.0,0.0,12,0.0,4.2,4.0,13,82.0,['Data Analytics/Science'-'Workshops'-'Productive'],94,0.285,0
570,0,5.0,2022-07-08,20.0,4.0,76,3.0,24.0,0.7866,4.0,0.0,12,0.0,4.0,4.0,12,139.0,['Study'-'Movies'-'Satisfied'],169,0.309,0
571,0,5.0,2022-07-09,20.0,4.0,49,3.0,30.0,0.7902,3.0,0.0,10,0.0,3.8,4.0,11,96.0,['Movies'-'Social'-'Data Analytics/Science'],197,0.271,0
572,0,5.0,2022-07-10,0.0,3.0,40,3.0,0.0,0.4345,4.0,0.0,7,1.0,3.6,3.0,10,160.0,['Drink'-'Friends'-'Social'],89,0.208,0
573,0,1.0,2022-07-12,0.0,1.0,40,1.0,0.0,0.1695,2.0,0.0,0,1.0,1.2,1.0,10,180.0,['Technology'-'Relax'-'Netflix'],32,0.0,0
574,0,3.0,2022-07-13,0.0,1.0,41,1.0,0.0,0.1861,1.0,0.0,1,0.0,1.4,1.0,13,180.0,['Technology'-'Netflix'-'Relax'],215,0.024,0
575,0,1.0,2022-07-14,0.0,1.0,44,1.0,0.0,0.2817,1.0,0.0,1,0.0,1.0,1.0,12,100.0,['Relax'-'Technology'-'Lazy'],27,0.026,0
576,0,3.0,2022-07-15,0.0,1.0,23,1.0,0.0,0.0561,1.0,0.0,0,0.0,1.4,1.0,10,262.0,['Technology'-'Lazy'-'Relax'],432,0.0,0
577,0,1.0,2022-07-16,0.0,1.0,15,1.0,0.0,0.0599,1.0,0.0,0,0.0,1.0,1.0,9,213.0,['Technology'-'Relax'-'Lazy'],531,0.0,0
578,0,2.0,2022-07-17,20.0,1.0,55,1.0,0.0,0.4409,2.0,0.0,4,0.0,1.4,1.0,7,152.0,['Technology'-'Relax'-'Youtube'],438,0.17,0
579,0,5.0,2022-07-18,30.0,5.0,71,4.0,36.0,0.9634,5.0,0.0,11,0.0,4.8,5.0,11,30.0,['Productive'-'Focused'-'Data Analytics/Science'],102,0.298,0
580,0,5.0,2022-07-19,20.0,5.0,87,4.0,31.0,0.8755,5.0,0.0,12,0.0,4.8,5.0,12,60.0,['Job Search/Interview'-'Focused'-'Productive'],197,0.309,0
581,0,5.0,2022-07-20,20.0,4.0,47,4.0,41.0,0.948,5.0,0.0,11,0.0,4.4,4.0,12,-31.0,['Coding'-'Job Search/Interview'-'Satisfied'],188,0.283,0
582,0,5.0,2022-07-21,10.0,4.0,49,3.0,29.0,0.7371,4.0,0.0,11,0.0,4.0,4.0,13,74.0,['Meetings'-'Motivated'-'Data Analytics/Science'],155,0.261,0
583,0,4.0,2022-07-22,20.0,4.0,82,3.0,24.0,0.594,3.0,0.0,7,1.0,3.4,3.0,12,127.0,['Friends'-'Poker'-'Fun'],290,0.18,0
584,0,2.0,2022-07-23,0.0,2.0,22,1.0,0.0,0.1439,2.0,0.0,1,1.0,1.8,2.0,9,190.0,['Technology'-'Break'-'Relax'],330,0.033,0
585,0,4.0,2022-07-24,0.0,2.0,44,2.0,0.0,0.296,3.0,0.0,2,1.0,2.6,2.0,7,120.0,['Technology'-'Drink'-'Lazy'],184,0.085,0
586,0,4.0,2022-07-25,0.0,2.0,58,2.0,0.0,0.2342,2.0,0.0,3,0.0,2.4,2.0,10,210.0,['Meetings'-'Technology'-'Lazy'],275,0.089,0
587,0,2.0,2022-07-26,0.0,1.0,57,1.0,0.0,0.2382,1.0,0.0,1,0.0,1.2,1.0,9,135.0,['Technology'-'Lazy'-'Unmotivated'],141,0.033,0
588,0,4.0,2022-07-27,0.0,2.0,66,2.0,0.0,0.4043,2.0,0.0,6,0.0,2.4,2.0,13,60.0,['Friends'-'Technology'-'Tired'],254,0.142,0
589,0,1.0,2022-07-28,0.0,1.0,25,1.0,0.0,0.1902,1.0,0.0,0,0.0,1.0,1.0,6,120.0,['Lazy'-'Technology'-'Unmotivated'],262,0.0,0
590,0,2.0,2022-07-29,0.0,2.0,40,1.0,0.0,0.1366,2.0,0.0,1,1.0,1.8,2.0,10,120.0,['Drink'-'Technology'-'Netflix'],559,0.03,0
591,0,4.0,2022-08-01,0.0,4.0,61,3.0,0.0,0.3971,4.0,0.0,6,0.0,3.6,3.0,10,150.0,['Job Search/Interview'-'Self Reflection'-'Motivated'],269,0.179,0
592,0,2.0,2022-08-02,0.0,3.0,31,2.0,0.0,0.3447,3.0,0.0,5,0.0,2.4,2.0,10,130.0,['Youtube'-'Data Analytics/Science'-'Distracted'],339,0.149,0
593,0,4.0,2022-08-03,0.0,3.0,31,2.0,0.0,0.2724,3.0,0.0,4,0.0,2.8,2.0,11,210.0,['Meetings'-'Youtube'-'Distracted'],254,0.108,0
594,0,4.0,2022-08-04,20.0,3.0,80,2.0,0.0,0.5985,3.0,0.0,8,0.0,3.0,3.0,11,90.0,['Coding'-'Job Search/Interview'-'Technology'],300,0.216,0
595,0,4.0,2022-08-05,0.0,3.0,61,3.0,0.0,0.3413,3.0,0.0,1,0.0,3.2,3.0,4,100.0,['Friends'-'Social'-'Poker'],185,0.074,0
596,0,2.0,2022-08-06,0.0,1.0,52,1.0,0.0,0.1991,1.0,0.0,1,0.0,1.2,1.0,12,57.0,['Technology'-'Lazy'-'Gaming'],545,0.026,0
597,0,2.0,2022-08-07,0.0,2.0,44,1.0,0.0,0.1733,2.0,0.0,1,0.0,1.8,2.0,12,180.0,['Project'-'Technology'-'Lethargic'],312,0.026,0
598,0,4.0,2022-08-08,0.0,3.0,98,3.0,0.0,0.231,3.0,0.0,2,0.0,3.0,2.0,10,210.0,['Social'-'Fun'-'Youtube'],187,0.06,0
599,0,4.0,2022-08-09,0.0,3.0,57,3.0,0.0,0.4377,3.0,0.0,8,0.0,3.2,3.0,14,60.0,['Meetings'-'Inspired'-'Data Analytics/Science'],345,0.176,0
600,0,4.0,2022-08-10,0.0,3.0,62,3.0,0.0,0.593,3.0,0.0,11,0.0,3.2,3.0,13,7.0,['Meetings'-'Inspired'-'Youtube'],221,0.261,0
601,0,4.0,2022-08-11,5.0,4.0,76,2.0,9.0,0.6124,3.0,0.0,12,0.0,3.4,4.0,13,84.0,['Productive'-'Coding'-'Project'],317,0.285,0
602,0,3.0,2022-08-12,0.0,2.0,57,2.0,0.0,0.2914,2.0,0.0,4,1.0,2.2,2.0,11,114.0,['Coding'-'Movies'-'Technology'],273,0.108,0
603,0,3.0,2022-08-15,0.0,3.0,71,3.0,0.0,0.3838,4.0,0.0,6,0.0,3.2,3.0,11,120.0,['Coding'-'Data Analytics/Science'-'Satisfied'],303,0.162,0
604,0,4.0,2022-08-16,0.0,3.0,61,3.0,0.0,0.5081,3.0,0.0,10,0.0,3.4,4.0,13,54.0,['Coding'-'Job Search/Interview'-'Satisfied'],344,0.237,0
605,0,3.0,2022-08-17,0.0,2.0,51,2.0,0.0,0.2748,2.0,0.0,3,1.0,2.2,2.0,10,65.0,['Coding'-'Technology'-'Unmotivated'],434,0.089,0
606,0,3.0,2022-08-18,0.0,3.0,49,3.0,0.0,0.4379,2.0,0.0,8,0.0,2.8,3.0,14,90.0,['Coding'-'Meetings'-'Worried'],210,0.176,0
607,0,2.0,2022-08-19,0.0,3.0,88,3.0,0.0,0.3239,3.0,0.0,3,1.0,2.8,3.0,12,90.0,['Coding'-'Embarrassed'-'Lethargic'],109,0.077,0
608,0,5.0,2022-08-21,0.0,4.0,58,3.0,0.0,0.4645,4.0,0.0,7,0.0,4.0,4.0,11,90.0,['Coding'-'Data Analytics/Science'-'Satisfied'],262,0.189,0
609,df2a0672-7f43-4f8c-b854-0c1861ff5439,5.0,2022-09-01,10.0,5.0,70,4.0,0.0,0.7038,5.0,0.0,10,0.0,4.8,5.0,11,27.0,['Coding'-'Job Search/Interview'-'Proud'],171,0.271,27
610,6d449a73-9379-40fc-8f9b-baaf634f579f,4.0,2022-09-02,0.0,3.0,95,5.0,0.0,0.5015,3.0,0.0,6,0.0,3.8,4.0,9,60.0,['Coding'-'Meetings'-'Tired'],191,0.198,26
611,5244bbeb-e04d-4f4a-a5d4-506bb44a8c07,3.0,2022-09-03,0.0,3.0,56,3.0,0.0,0.5256,3.0,0.0,5,0.0,3.2,4.0,7,20.0,['Tired'-'Sleep Shortage'-'Coding'],265,0.213,25
612,af0d3d1c-ba0f-4834-8d3e-a33dc018ac69,4.0,2022-09-04,0.0,4.0,54,4.0,0.0,0.4709,4.0,0.0,4,0.0,4.2,5.0,8,80.0,['Coding'-'Productive'-'Project'],117,0.149,24
613,efb26aed-36e7-4937-82c6-ab6220751284,5.0,2022-09-05,0.0,5.0,54,5.0,0.0,0.6141,4.0,0.0,15,0.0,4.8,5.0,17,72.0,['Coding'-'Meetings'-'Productive'],119,0.272,23
614,17752a52-c8d8-4eb1-9158-35bf692609b2,2.0,2022-09-06,0.0,3.0,83,3.0,0.0,0.4785,3.0,0.0,8,0.0,2.8,3.0,12,74.0,['Coding'-'Tired'-'Project'],186,0.206,22
615,44819f16-c6a4-4cf1-abba-3d0bc4fa5a18,4.0,2022-09-07,15.0,5.0,76,4.0,0.0,0.6551,4.0,0.0,9,0.0,4.4,5.0,12,54.0,['Meetings'-'Job Search/Interview'-'Productive'],237,0.231,21
616,8f11b954-cfdd-416f-83d5-44f1eb3bf97f,5.0,2022-09-08,11.0,5.0,88,5.0,0.0,0.7312,5.0,0.0,8,0.0,4.8,4.0,10,-26.0,['Coding'-'Job Search/Interview'-'Proud'],111,0.238,20
617,faa6df54-ee9b-43bd-a8ff-09bdabab822f,4.0,2022-09-09,0.0,4.0,88,5.0,0.0,0.512,5.0,0.0,3,0.0,4.4,4.0,8,-31.0,['Coding'-'Social'-'Friends'],152,0.112,19
618,c040e30a-b173-4428-b740-cb9587a9db0c,4.0,2022-09-10,0.0,3.0,135,4.0,0.0,0.4684,4.0,0.0,3,0.0,3.8,4.0,9,-30.0,['Coding'-'Project'-'Focused'],184,0.099,18
619,9d9ffd93-d1d5-41d3-84e2-b6783d99e307,2.0,2022-09-11,0.0,3.0,96,2.0,0.0,0.3946,3.0,0.0,3,0.0,2.6,3.0,8,34.0,['Coding'-'Relax'-'Break'],252,0.112,17
620,fa48a2e4-7da0-4078-81cc-2e9ba9801df2,4.0,2022-09-12,0.0,3.0,48,4.0,0.0,0.4796,4.0,0.0,5,1.0,3.6,3.0,8,82.0,['Job Search/Interview'-'Drink'-'Frustration'],48,0.186,16
621,8357cf11-bca5-4dd0-9375-f60f61404bc4,5.0,2022-09-13,0.0,4.0,75,4.0,0.0,0.4744,4.0,0.0,5,0.0,4.2,4.0,10,29.0,['Coding'-'Social'-'Inspired'],262,0.149,15
622,123ae91a-de25-454d-8c5e-1fa5444d50b0,4.0,2022-09-14,0.0,2.0,90,2.0,0.0,0.4544,3.0,0.0,3,0.0,2.8,3.0,6,0.0,['Technology'-'Job Search/Interview'-'Sleep Shortage'],294,0.149,14
623,9036591f-4409-4d24-b69d-103ee7ffeb01,2.0,2022-09-15,10.0,1.0,60,2.0,0.0,0.5074,2.0,0.0,5,0.0,1.8,2.0,7,20.0,['Job Search/Interview'-'Embarrassed'-'Frustration'],503,0.213,13
624,d331a7f5-42aa-4aba-a464-98ae6ae25421,4.0,2022-09-16,0.0,3.0,131,2.0,0.0,0.227,3.0,0.0,1,1.0,2.8,2.0,5,139.0,['Social'-'Friends'-'Relax'],255,0.06,12
625,352a312f-2aa9-47b6-b4bb-6b39e824eb21,4.0,2022-09-17,0.0,2.0,75,3.0,0.0,0.2865,3.0,0.0,1,0.0,3.0,3.0,5,90.0,['Meetings'-'Social'-'Friends'],360,0.06,11
626,877d77a1-fddf-4dce-bd12-3889b1f5dc79,3.0,2022-09-18,0.0,2.0,105,3.0,0.0,0.3519,3.0,0.0,2,0.0,2.8,3.0,6,90.0,['Friends'-'Social'-'Project'],200,0.099,10
627,1c1d0d27-5a84-4414-87cf-bd14cce34192,4.0,2022-09-19,0.0,4.0,110,3.0,0.0,0.5985,4.0,0.0,9,0.0,3.8,4.0,10,45.0,['Coding'-'Gaming'-'Reflective'],114,0.268,9
628,8e8bc610-d3c1-4905-8d63-0b9a473f01bd,4.0,2022-09-20,0.0,4.0,81,3.0,0.0,0.53,3.0,0.0,9,0.0,3.6,4.0,12,84.0,['Meetings'-'Coding'-'Reflective'],123,0.231,8
629,937b8921-e9df-4822-bdc1-69750dd37f79,3.0,2022-09-21,0.0,2.0,63,1.0,0.0,0.3445,2.0,0.0,4,0.0,2.0,2.0,9,90.0,['Meetings'-'Sleep Shortage'-'Tired'],330,0.132,7
630,751a1298-4bfa-4a99-9037-b2cec8172b52,4.0,2022-09-22,0.0,3.0,53,3.0,0.0,0.4309,4.0,0.0,6,0.0,3.6,4.0,11,124.0,['Coding'-'Project'-'Motivated'],140,0.162,6
631,26d881de-7b53-4f9e-860b-3868ece0890f,5.0,2022-09-23,0.0,4.0,93,4.0,0.0,0.4762,4.0,0.0,6,0.0,4.2,4.0,10,86.0,['Coding'-'Meetings'-'Productive'],171,0.179,5
632,eaa4dbfb-ab6f-44f1-a2b4-49c89c177f87,4.0,2022-09-24,0.0,4.0,61,4.0,0.0,0.4917,4.0,0.0,4,0.0,4.0,4.0,7,43.0,['Coding'-'Job Search/Interview'-'Focused'],223,0.17,4
633,79607972-8bca-453e-830b-e57e23d5e1b5,5.0,2022-09-25,0.0,5.0,69,5.0,0.0,0.474,5.0,0.0,5,0.0,5.0,5.0,9,97.0,['Job Search/Interview'-'Coding'-'Focused'],184,0.165,3
634,b7d6ae40-af79-432e-9b44-8503bf76fa00,5.0,2022-09-26,0.0,4.0,68,4.0,0.0,0.3833,4.0,0.0,1,0.0,4.0,3.0,5,75.0,['Job Search/Interview'-'Break'-'Social'],99,0.06,2
635,5cb2b8cc-8d25-4909-a2b9-8e950ca99f3d,2.0,2022-09-27,0.0,2.0,58,2.0,0.0,0.4049,2.0,0.0,5,0.0,2.2,3.0,9,75.0,['Coding'-'Annoyed'-'Pessimistic'],287,0.165,1
636,e7769a31-479d-476a-9f18-432ae3ed9828,4.0,2022-09-28,0.0,4.0,70,2.0,0.0,0.3219,3.0,0.0,2,1.0,3.2,3.0,6,75.0,['Coding'-'Friends'-'Proud'],322,0.099,0
